{
    "data": {
        "test_": [
            {
                "outputs": "он о",
                "meta": {
                    "id": 131
                }
            },
            {
                "outputs": "или эзотерический",
                "meta": {
                    "id": 25
                }
            },
            {
                "outputs": "ордену события",
                "meta": {
                    "id": 365
                }
            },
            {
                "outputs": "лайбах является",
                "meta": {
                    "id": 310
                }
            },
            {
                "outputs": "город этот",
                "meta": {
                    "id": 68
                }
            },
            {
                "outputs": "слова что",
                "meta": {
                    "id": 195
                }
            },
            {
                "outputs": "он поражён",
                "meta": {
                    "id": 167
                }
            },
            {
                "outputs": "самое и",
                "meta": {
                    "id": 261
                }
            },
            {
                "outputs": "означает переводе",
                "meta": {
                    "id": 110
                }
            },
            {
                "outputs": "вошёл в",
                "meta": {
                    "id": 26
                }
            },
            {
                "outputs": "дэ de",
                "meta": {
                    "id": 6
                }
            },
            {
                "outputs": "свой killer",
                "meta": {
                    "id": 121
                }
            },
            {
                "outputs": "появляются симпатичным",
                "meta": {
                    "id": 266
                }
            },
            {
                "outputs": "путники в",
                "meta": {
                    "id": 347
                }
            },
            {
                "outputs": "процесс спора",
                "meta": {
                    "id": 139
                }
            },
            {
                "outputs": "он в",
                "meta": {
                    "id": 117
                }
            },
            {
                "outputs": "нескольких зависимости",
                "meta": {
                    "id": 152
                }
            },
            {
                "outputs": "цензуры, в",
                "meta": {
                    "id": 173
                }
            },
            {
                "outputs": "царя сопернику",
                "meta": {
                    "id": 38
                }
            },
            {
                "outputs": "злее, p38",
                "meta": {
                    "id": 303
                }
            },
            {
                "outputs": "бывший ученый-востоковед",
                "meta": {
                    "id": 225
                }
            },
            {
                "outputs": "совместно в",
                "meta": {
                    "id": 169
                }
            },
            {
                "outputs": "появилось означающий",
                "meta": {
                    "id": 41
                }
            },
            {
                "outputs": "только это",
                "meta": {
                    "id": 301
                }
            },
            {
                "outputs": "ямайской ямайской",
                "meta": {
                    "id": 221
                }
            },
            {
                "outputs": "который мире",
                "meta": {
                    "id": 309
                }
            },
            {
                "outputs": "горьковым в",
                "meta": {
                    "id": 247
                }
            },
            {
                "outputs": "имени с",
                "meta": {
                    "id": 223
                }
            },
            {
                "outputs": "ранее россию.",
                "meta": {
                    "id": 325
                }
            },
            {
                "outputs": "к соотечественники",
                "meta": {
                    "id": 234
                }
            },
            {
                "outputs": "«футбольный «футбольный",
                "meta": {
                    "id": 53
                }
            },
            {
                "outputs": "подопечным четвертьфинального",
                "meta": {
                    "id": 54
                }
            },
            {
                "outputs": "герой, эту",
                "meta": {
                    "id": 119
                }
            },
            {
                "outputs": "монархи создан",
                "meta": {
                    "id": 207
                }
            },
            {
                "outputs": "села и",
                "meta": {
                    "id": 367
                }
            },
            {
                "outputs": "дэвида неодушевленными",
                "meta": {
                    "id": 254
                }
            },
            {
                "outputs": "свое гг.,",
                "meta": {
                    "id": 313
                }
            },
            {
                "outputs": "приключений the",
                "meta": {
                    "id": 78
                }
            },
            {
                "outputs": "– иногда",
                "meta": {
                    "id": 271
                }
            },
            {
                "outputs": "европы кургане",
                "meta": {
                    "id": 357
                }
            },
            {
                "outputs": "в александра",
                "meta": {
                    "id": 83
                }
            },
            {
                "outputs": "хитроу? хитроу?",
                "meta": {
                    "id": 403
                }
            },
            {
                "outputs": "получил сайта",
                "meta": {
                    "id": 145
                }
            },
            {
                "outputs": "года выполненный",
                "meta": {
                    "id": 51
                }
            },
            {
                "outputs": "терпкий, города",
                "meta": {
                    "id": 306
                }
            },
            {
                "outputs": "прав владельцем",
                "meta": {
                    "id": 29
                }
            },
            {
                "outputs": "испанского конем».",
                "meta": {
                    "id": 27
                }
            },
            {
                "outputs": "могут его,",
                "meta": {
                    "id": 150
                }
            },
            {
                "outputs": "на что",
                "meta": {
                    "id": 188
                }
            },
            {
                "outputs": "попытался попытался",
                "meta": {
                    "id": 217
                }
            },
            {
                "outputs": "майю которой",
                "meta": {
                    "id": 135
                }
            },
            {
                "outputs": "есть и",
                "meta": {
                    "id": 13
                }
            },
            {
                "outputs": "и \"тыл-фронту\",",
                "meta": {
                    "id": 359
                }
            },
            {
                "outputs": "впервые название",
                "meta": {
                    "id": 21
                }
            },
            {
                "outputs": "который виде",
                "meta": {
                    "id": 241
                }
            },
            {
                "outputs": "корыстных вместе",
                "meta": {
                    "id": 125
                }
            },
            {
                "outputs": "дают этой",
                "meta": {
                    "id": 233
                }
            },
            {
                "outputs": "бокассы диктатурами",
                "meta": {
                    "id": 92
                }
            },
            {
                "outputs": "бесконечного галерей...”?",
                "meta": {
                    "id": 339
                }
            },
            {
                "outputs": "причиной этой",
                "meta": {
                    "id": 104
                }
            },
            {
                "outputs": "дмитрий что",
                "meta": {
                    "id": 84
                }
            },
            {
                "outputs": "большую режиссёра",
                "meta": {
                    "id": 218
                }
            },
            {
                "outputs": "автобиографии повествования",
                "meta": {
                    "id": 45
                }
            },
            {
                "outputs": "режиссерском предпочел",
                "meta": {
                    "id": 206
                }
            },
            {
                "outputs": "конструкция честь",
                "meta": {
                    "id": 65
                }
            },
            {
                "outputs": "звезда звезда",
                "meta": {
                    "id": 284
                }
            },
            {
                "outputs": "дикси́н, административном",
                "meta": {
                    "id": 279
                }
            },
            {
                "outputs": "года, исполнении",
                "meta": {
                    "id": 76
                }
            },
            {
                "outputs": "рсфср рсфср",
                "meta": {
                    "id": 389
                }
            },
            {
                "outputs": "вертел улице",
                "meta": {
                    "id": 69
                }
            },
            {
                "outputs": "этой за",
                "meta": {
                    "id": 91
                }
            },
            {
                "outputs": "фильма такой",
                "meta": {
                    "id": 399
                }
            },
            {
                "outputs": "это складываются",
                "meta": {
                    "id": 113
                }
            },
            {
                "outputs": "псковом псковом",
                "meta": {
                    "id": 386
                }
            },
            {
                "outputs": "с что",
                "meta": {
                    "id": 272
                }
            },
            {
                "outputs": "марсело, менеджером",
                "meta": {
                    "id": 102
                }
            },
            {
                "outputs": "градским, переворота",
                "meta": {
                    "id": 250
                }
            },
            {
                "outputs": "его объединения",
                "meta": {
                    "id": 202
                }
            },
            {
                "outputs": "лазер лазер",
                "meta": {
                    "id": 377
                }
            },
            {
                "outputs": "площади «бланш»",
                "meta": {
                    "id": 397
                }
            },
            {
                "outputs": "современным не",
                "meta": {
                    "id": 249
                }
            },
            {
                "outputs": "вместе и",
                "meta": {
                    "id": 67
                }
            },
            {
                "outputs": "«you мне",
                "meta": {
                    "id": 0
                }
            },
            {
                "outputs": "виде историю",
                "meta": {
                    "id": 7
                }
            },
            {
                "outputs": "при подготовке",
                "meta": {
                    "id": 100
                }
            },
            {
                "outputs": "этом этом",
                "meta": {
                    "id": 62
                }
            },
            {
                "outputs": "– своего",
                "meta": {
                    "id": 28
                }
            },
            {
                "outputs": "обычный слово.",
                "meta": {
                    "id": 42
                }
            },
            {
                "outputs": "всегда путем",
                "meta": {
                    "id": 314
                }
            },
            {
                "outputs": "и про",
                "meta": {
                    "id": 40
                }
            },
            {
                "outputs": "именно (нашей",
                "meta": {
                    "id": 290
                }
            },
            {
                "outputs": "этого считал",
                "meta": {
                    "id": 17
                }
            },
            {
                "outputs": "карлсон\" в",
                "meta": {
                    "id": 219
                }
            },
            {
                "outputs": "можно имени",
                "meta": {
                    "id": 146
                }
            },
            {
                "outputs": "егрюл егрюл",
                "meta": {
                    "id": 361
                }
            },
            {
                "outputs": "работ, названием",
                "meta": {
                    "id": 263
                }
            },
            {
                "outputs": "первым джордж",
                "meta": {
                    "id": 98
                }
            },
            {
                "outputs": "в в",
                "meta": {
                    "id": 396
                }
            },
            {
                "outputs": "до юпитера",
                "meta": {
                    "id": 105
                }
            },
            {
                "outputs": "в году,",
                "meta": {
                    "id": 200
                }
            },
            {
                "outputs": "оправдывает фраза",
                "meta": {
                    "id": 364
                }
            },
            {
                "outputs": "из-за завершил",
                "meta": {
                    "id": 230
                }
            },
            {
                "outputs": "старым истории,",
                "meta": {
                    "id": 210
                }
            },
            {
                "outputs": "режиссёра раз.",
                "meta": {
                    "id": 192
                }
            },
            {
                "outputs": "название называл",
                "meta": {
                    "id": 154
                }
            },
            {
                "outputs": "уильяма менее,",
                "meta": {
                    "id": 2
                }
            },
            {
                "outputs": "2017 режиссера.",
                "meta": {
                    "id": 120
                }
            },
            {
                "outputs": "подобной петлями,",
                "meta": {
                    "id": 316
                }
            },
            {
                "outputs": "как петербургского",
                "meta": {
                    "id": 196
                }
            },
            {
                "outputs": "находят сборника",
                "meta": {
                    "id": 99
                }
            },
            {
                "outputs": "стоявщих взвозе",
                "meta": {
                    "id": 380
                }
            },
            {
                "outputs": "1936 года",
                "meta": {
                    "id": 278
                }
            },
            {
                "outputs": "днк днк",
                "meta": {
                    "id": 375
                }
            },
            {
                "outputs": "этого миллионов",
                "meta": {
                    "id": 1
                }
            },
            {
                "outputs": "в которым",
                "meta": {
                    "id": 158
                }
            },
            {
                "outputs": "эта эта",
                "meta": {
                    "id": 138
                }
            },
            {
                "outputs": "у расшифровывая",
                "meta": {
                    "id": 245
                }
            },
            {
                "outputs": "тюменский соблазном».",
                "meta": {
                    "id": 368
                }
            },
            {
                "outputs": "с моря.",
                "meta": {
                    "id": 205
                }
            },
            {
                "outputs": "можно сменных",
                "meta": {
                    "id": 34
                }
            },
            {
                "outputs": "в в",
                "meta": {
                    "id": 348
                }
            },
            {
                "outputs": "этом комментатора",
                "meta": {
                    "id": 178
                }
            },
            {
                "outputs": "фильма клипов",
                "meta": {
                    "id": 153
                }
            },
            {
                "outputs": "вспоминал, прокат",
                "meta": {
                    "id": 246
                }
            },
            {
                "outputs": "рф, ситуациям,",
                "meta": {
                    "id": 320
                }
            },
            {
                "outputs": "и прикоснулся",
                "meta": {
                    "id": 265
                }
            },
            {
                "outputs": "на нужное",
                "meta": {
                    "id": 180
                }
            },
            {
                "outputs": "гибрид дальневосточной",
                "meta": {
                    "id": 406
                }
            },
            {
                "outputs": "молодой фото",
                "meta": {
                    "id": 118
                }
            },
            {
                "outputs": "беверли который",
                "meta": {
                    "id": 336
                }
            },
            {
                "outputs": "его движения",
                "meta": {
                    "id": 302
                }
            },
            {
                "outputs": "раньше, и",
                "meta": {
                    "id": 32
                }
            },
            {
                "outputs": "из в",
                "meta": {
                    "id": 10
                }
            },
            {
                "outputs": "шириной представляет",
                "meta": {
                    "id": 326
                }
            },
            {
                "outputs": "грэма scharlach",
                "meta": {
                    "id": 130
                }
            },
            {
                "outputs": "орден часто",
                "meta": {
                    "id": 366
                }
            },
            {
                "outputs": "появлений качестве",
                "meta": {
                    "id": 85
                }
            },
            {
                "outputs": "юнеско юнеско",
                "meta": {
                    "id": 355
                }
            },
            {
                "outputs": "программного программного",
                "meta": {
                    "id": 24
                }
            },
            {
                "outputs": "за эти",
                "meta": {
                    "id": 409
                }
            },
            {
                "outputs": "в русских",
                "meta": {
                    "id": 362
                }
            },
            {
                "outputs": "«второй пол»",
                "meta": {
                    "id": 11
                }
            },
            {
                "outputs": "будет пусть",
                "meta": {
                    "id": 344
                }
            },
            {
                "outputs": "даже томи",
                "meta": {
                    "id": 4
                }
            },
            {
                "outputs": "ещё предупреждение,",
                "meta": {
                    "id": 129
                }
            },
            {
                "outputs": "вклад в",
                "meta": {
                    "id": 184
                }
            },
            {
                "outputs": "города к",
                "meta": {
                    "id": 106
                }
            },
            {
                "outputs": "фильм фильм",
                "meta": {
                    "id": 182
                }
            },
            {
                "outputs": "захотел северина",
                "meta": {
                    "id": 204
                }
            },
            {
                "outputs": "пёся, комикса",
                "meta": {
                    "id": 9
                }
            },
            {
                "outputs": "похожий впоследствии",
                "meta": {
                    "id": 87
                }
            },
            {
                "outputs": "hammer, среди",
                "meta": {
                    "id": 74
                }
            },
            {
                "outputs": "и послужила",
                "meta": {
                    "id": 317
                }
            },
            {
                "outputs": "вод. начавшее",
                "meta": {
                    "id": 22
                }
            },
            {
                "outputs": "сильнее». список",
                "meta": {
                    "id": 360
                }
            },
            {
                "outputs": "была холма.",
                "meta": {
                    "id": 262
                }
            },
            {
                "outputs": "этом экране",
                "meta": {
                    "id": 19
                }
            },
            {
                "outputs": "более угодно\".",
                "meta": {
                    "id": 164
                }
            },
            {
                "outputs": "хэнкса исполняет",
                "meta": {
                    "id": 300
                }
            },
            {
                "outputs": "и никакого",
                "meta": {
                    "id": 186
                }
            },
            {
                "outputs": "furious\"? этого",
                "meta": {
                    "id": 352
                }
            },
            {
                "outputs": "пизды. теперь",
                "meta": {
                    "id": 258
                }
            },
            {
                "outputs": "что именно",
                "meta": {
                    "id": 61
                }
            },
            {
                "outputs": "герой теории",
                "meta": {
                    "id": 71
                }
            },
            {
                "outputs": "певца. второй",
                "meta": {
                    "id": 248
                }
            },
            {
                "outputs": "обвинителя, пытаясь",
                "meta": {
                    "id": 8
                }
            },
            {
                "outputs": "этот долгих",
                "meta": {
                    "id": 299
                }
            },
            {
                "outputs": "добавлять напитка,",
                "meta": {
                    "id": 179
                }
            },
            {
                "outputs": "world в",
                "meta": {
                    "id": 330
                }
            },
            {
                "outputs": "на гдр.",
                "meta": {
                    "id": 155
                }
            },
            {
                "outputs": "название переводе-адаптации",
                "meta": {
                    "id": 349
                }
            },
            {
                "outputs": "древним вернуться",
                "meta": {
                    "id": 305
                }
            },
            {
                "outputs": "и флешмоб,",
                "meta": {
                    "id": 171
                }
            },
            {
                "outputs": "в в",
                "meta": {
                    "id": 190
                }
            },
            {
                "outputs": "этих марта",
                "meta": {
                    "id": 343
                }
            },
            {
                "outputs": "лагшмивара лагшмивара",
                "meta": {
                    "id": 356
                }
            },
            {
                "outputs": "hangover\"? название",
                "meta": {
                    "id": 353
                }
            },
            {
                "outputs": "рассказов в",
                "meta": {
                    "id": 304
                }
            },
            {
                "outputs": "стилистику цепями.",
                "meta": {
                    "id": 124
                }
            },
            {
                "outputs": "3 арудж",
                "meta": {
                    "id": 63
                }
            },
            {
                "outputs": "высота признали",
                "meta": {
                    "id": 394
                }
            },
            {
                "outputs": "капча капча",
                "meta": {
                    "id": 369
                }
            },
            {
                "outputs": "июль из",
                "meta": {
                    "id": 23
                }
            },
            {
                "outputs": "премию роста”.",
                "meta": {
                    "id": 379
                }
            },
            {
                "outputs": "в при",
                "meta": {
                    "id": 211
                }
            },
            {
                "outputs": "2015 2015",
                "meta": {
                    "id": 338
                }
            },
            {
                "outputs": "с 4046,8",
                "meta": {
                    "id": 268
                }
            },
            {
                "outputs": "на на",
                "meta": {
                    "id": 212
                }
            },
            {
                "outputs": "на что",
                "meta": {
                    "id": 123
                }
            },
            {
                "outputs": "\"норвич базирующийся",
                "meta": {
                    "id": 199
                }
            },
            {
                "outputs": "\"талисман заполните",
                "meta": {
                    "id": 372
                }
            },
            {
                "outputs": "не именно",
                "meta": {
                    "id": 274
                }
            },
            {
                "outputs": "женевском но",
                "meta": {
                    "id": 101
                }
            },
            {
                "outputs": "мечом этот",
                "meta": {
                    "id": 358
                }
            },
            {
                "outputs": "была года",
                "meta": {
                    "id": 384
                }
            },
            {
                "outputs": "является форуме",
                "meta": {
                    "id": 414
                }
            },
            {
                "outputs": "и может",
                "meta": {
                    "id": 255
                }
            },
            {
                "outputs": "плейлист greatest",
                "meta": {
                    "id": 294
                }
            },
            {
                "outputs": "обладает диагностировать",
                "meta": {
                    "id": 151
                }
            },
            {
                "outputs": "от и",
                "meta": {
                    "id": 77
                }
            },
            {
                "outputs": "в берлускони,",
                "meta": {
                    "id": 5
                }
            },
            {
                "outputs": "счастливой стал",
                "meta": {
                    "id": 337
                }
            },
            {
                "outputs": "первой только",
                "meta": {
                    "id": 137
                }
            },
            {
                "outputs": "три был",
                "meta": {
                    "id": 189
                }
            },
            {
                "outputs": "победа финале",
                "meta": {
                    "id": 168
                }
            },
            {
                "outputs": "чемпионка есть",
                "meta": {
                    "id": 395
                }
            },
            {
                "outputs": "внесено году",
                "meta": {
                    "id": 276
                }
            },
            {
                "outputs": "инструктором на",
                "meta": {
                    "id": 16
                }
            },
            {
                "outputs": "главы исав",
                "meta": {
                    "id": 191
                }
            },
            {
                "outputs": "отклонения и",
                "meta": {
                    "id": 141
                }
            },
            {
                "outputs": "в оригинале?",
                "meta": {
                    "id": 253
                }
            },
            {
                "outputs": "соседней этого",
                "meta": {
                    "id": 132
                }
            },
            {
                "outputs": "монро, ороро",
                "meta": {
                    "id": 209
                }
            },
            {
                "outputs": "таких мышку-сосиску,",
                "meta": {
                    "id": 334
                }
            },
            {
                "outputs": "и и",
                "meta": {
                    "id": 39
                }
            },
            {
                "outputs": "дряни» владимира",
                "meta": {
                    "id": 319
                }
            },
            {
                "outputs": "британского этого",
                "meta": {
                    "id": 18
                }
            },
            {
                "outputs": "возможными и",
                "meta": {
                    "id": 288
                }
            },
            {
                "outputs": "названной честь",
                "meta": {
                    "id": 312
                }
            },
            {
                "outputs": "«прямой аресте",
                "meta": {
                    "id": 122
                }
            },
            {
                "outputs": "заменил писатель",
                "meta": {
                    "id": 36
                }
            },
            {
                "outputs": "японцами, где",
                "meta": {
                    "id": 88
                }
            },
            {
                "outputs": "похожую \"день",
                "meta": {
                    "id": 226
                }
            },
            {
                "outputs": "и рассказал,",
                "meta": {
                    "id": 215
                }
            },
            {
                "outputs": "это nh4no3",
                "meta": {
                    "id": 382
                }
            },
            {
                "outputs": "года самой",
                "meta": {
                    "id": 298
                }
            },
            {
                "outputs": "дальнейшем оценках,",
                "meta": {
                    "id": 323
                }
            },
            {
                "outputs": "называете и",
                "meta": {
                    "id": 183
                }
            },
            {
                "outputs": "первый концерт",
                "meta": {
                    "id": 89
                }
            },
            {
                "outputs": "шведским organs",
                "meta": {
                    "id": 162
                }
            },
            {
                "outputs": "выпить -",
                "meta": {
                    "id": 203
                }
            },
            {
                "outputs": "что какого",
                "meta": {
                    "id": 216
                }
            },
            {
                "outputs": "1952 написала",
                "meta": {
                    "id": 328
                }
            },
            {
                "outputs": "чемпион был",
                "meta": {
                    "id": 136
                }
            },
            {
                "outputs": "клуба открыл",
                "meta": {
                    "id": 181
                }
            },
            {
                "outputs": "слова. называет",
                "meta": {
                    "id": 213
                }
            },
            {
                "outputs": "большинство этой",
                "meta": {
                    "id": 72
                }
            },
            {
                "outputs": "причинам, на",
                "meta": {
                    "id": 80
                }
            },
            {
                "outputs": "в воспитанного",
                "meta": {
                    "id": 404
                }
            },
            {
                "outputs": "для разработали",
                "meta": {
                    "id": 329
                }
            },
            {
                "outputs": "до древней",
                "meta": {
                    "id": 393
                }
            },
            {
                "outputs": "\"в начинать.",
                "meta": {
                    "id": 94
                }
            },
            {
                "outputs": "чудных этих",
                "meta": {
                    "id": 97
                }
            },
            {
                "outputs": "лежит 1929",
                "meta": {
                    "id": 142
                }
            },
            {
                "outputs": "в решетку",
                "meta": {
                    "id": 244
                }
            },
            {
                "outputs": "вид. из",
                "meta": {
                    "id": 291
                }
            },
            {
                "outputs": "до сад\".",
                "meta": {
                    "id": 157
                }
            },
            {
                "outputs": "пыль этого",
                "meta": {
                    "id": 292
                }
            },
            {
                "outputs": "– электровелосипедов",
                "meta": {
                    "id": 311
                }
            },
            {
                "outputs": "обнаружили года",
                "meta": {
                    "id": 335
                }
            },
            {
                "outputs": "нового же,",
                "meta": {
                    "id": 237
                }
            },
            {
                "outputs": "после к",
                "meta": {
                    "id": 277
                }
            },
            {
                "outputs": "«орлеан баскет»",
                "meta": {
                    "id": 128
                }
            },
            {
                "outputs": "«лунный в",
                "meta": {
                    "id": 44
                }
            },
            {
                "outputs": "эго. фильмах",
                "meta": {
                    "id": 220
                }
            },
            {
                "outputs": "и в",
                "meta": {
                    "id": 111
                }
            },
            {
                "outputs": "часть всё",
                "meta": {
                    "id": 127
                }
            },
            {
                "outputs": "2018 в",
                "meta": {
                    "id": 143
                }
            },
            {
                "outputs": "\"страшные игре",
                "meta": {
                    "id": 408
                }
            },
            {
                "outputs": "я без",
                "meta": {
                    "id": 346
                }
            },
            {
                "outputs": "и хотя",
                "meta": {
                    "id": 242
                }
            },
            {
                "outputs": "говорил. его",
                "meta": {
                    "id": 240
                }
            },
            {
                "outputs": "самых в",
                "meta": {
                    "id": 318
                }
            },
            {
                "outputs": "с рейтинг",
                "meta": {
                    "id": 148
                }
            },
            {
                "outputs": "руководство warcraft",
                "meta": {
                    "id": 235
                }
            },
            {
                "outputs": "мира. екатеринбурге",
                "meta": {
                    "id": 283
                }
            },
            {
                "outputs": "из-за в",
                "meta": {
                    "id": 140
                }
            },
            {
                "outputs": "имя в",
                "meta": {
                    "id": 405
                }
            },
            {
                "outputs": "три честь",
                "meta": {
                    "id": 342
                }
            },
            {
                "outputs": "персонаж-убийца. “among",
                "meta": {
                    "id": 407
                }
            },
            {
                "outputs": "титульной удовлетворяет",
                "meta": {
                    "id": 273
                }
            },
            {
                "outputs": "долины». и",
                "meta": {
                    "id": 115
                }
            },
            {
                "outputs": "сцена хотя",
                "meta": {
                    "id": 30
                }
            },
            {
                "outputs": "что короткие",
                "meta": {
                    "id": 165
                }
            },
            {
                "outputs": "своего пьесы",
                "meta": {
                    "id": 14
                }
            },
            {
                "outputs": "роман, это",
                "meta": {
                    "id": 398
                }
            },
            {
                "outputs": "его (\"третий",
                "meta": {
                    "id": 224
                }
            },
            {
                "outputs": "исполнении в",
                "meta": {
                    "id": 198
                }
            },
            {
                "outputs": "раз. скульптура",
                "meta": {
                    "id": 392
                }
            },
            {
                "outputs": "отметившей подражание",
                "meta": {
                    "id": 251
                }
            },
            {
                "outputs": "рожденный прозвище",
                "meta": {
                    "id": 147
                }
            },
            {
                "outputs": "народности академии",
                "meta": {
                    "id": 126
                }
            },
            {
                "outputs": "эпизода престолов».",
                "meta": {
                    "id": 56
                }
            },
            {
                "outputs": "свен его",
                "meta": {
                    "id": 193
                }
            },
            {
                "outputs": "как можно",
                "meta": {
                    "id": 114
                }
            },
            {
                "outputs": "к легенда",
                "meta": {
                    "id": 86
                }
            },
            {
                "outputs": "зовется чудотворца.",
                "meta": {
                    "id": 373
                }
            },
            {
                "outputs": "играх чемпионкой",
                "meta": {
                    "id": 387
                }
            },
            {
                "outputs": "в действие,",
                "meta": {
                    "id": 50
                }
            },
            {
                "outputs": "был женщина",
                "meta": {
                    "id": 236
                }
            },
            {
                "outputs": "альтернативной название",
                "meta": {
                    "id": 252
                }
            },
            {
                "outputs": "в в",
                "meta": {
                    "id": 239
                }
            },
            {
                "outputs": "время в",
                "meta": {
                    "id": 82
                }
            },
            {
                "outputs": "упоминает группа",
                "meta": {
                    "id": 286
                }
            },
            {
                "outputs": "закончилась. 3d-чат.",
                "meta": {
                    "id": 208
                }
            },
            {
                "outputs": "расположенный религиоведа",
                "meta": {
                    "id": 222
                }
            },
            {
                "outputs": "2003 основных",
                "meta": {
                    "id": 170
                }
            },
            {
                "outputs": "джексоном принсом",
                "meta": {
                    "id": 297
                }
            },
            {
                "outputs": "фамилию или",
                "meta": {
                    "id": 327
                }
            },
            {
                "outputs": "жеки кухне,",
                "meta": {
                    "id": 333
                }
            },
            {
                "outputs": "виктор присоединился",
                "meta": {
                    "id": 112
                }
            },
            {
                "outputs": "обольстительницу обвивает",
                "meta": {
                    "id": 64
                }
            },
            {
                "outputs": "этот train,",
                "meta": {
                    "id": 232
                }
            },
            {
                "outputs": "навечно но",
                "meta": {
                    "id": 160
                }
            },
            {
                "outputs": "сдружился с",
                "meta": {
                    "id": 161
                }
            },
            {
                "outputs": "она было",
                "meta": {
                    "id": 108
                }
            },
            {
                "outputs": "\"die российском",
                "meta": {
                    "id": 350
                }
            },
            {
                "outputs": "двоих назовите",
                "meta": {
                    "id": 332
                }
            },
            {
                "outputs": "m&m’s m&m’s",
                "meta": {
                    "id": 391
                }
            },
            {
                "outputs": "встреча встреча",
                "meta": {
                    "id": 345
                }
            },
            {
                "outputs": "сходство «история",
                "meta": {
                    "id": 52
                }
            },
            {
                "outputs": "«цезарь которых",
                "meta": {
                    "id": 174
                }
            },
            {
                "outputs": "ауе ауе",
                "meta": {
                    "id": 354
                }
            },
            {
                "outputs": "герои главные",
                "meta": {
                    "id": 341
                }
            },
            {
                "outputs": "сыне. университет",
                "meta": {
                    "id": 411
                }
            },
            {
                "outputs": "дуэт даже",
                "meta": {
                    "id": 133
                }
            },
            {
                "outputs": "на с",
                "meta": {
                    "id": 322
                }
            },
            {
                "outputs": "spam spam",
                "meta": {
                    "id": 383
                }
            },
            {
                "outputs": "второго элемента\"",
                "meta": {
                    "id": 90
                }
            },
            {
                "outputs": "своих упоминал",
                "meta": {
                    "id": 107
                }
            },
            {
                "outputs": "и покупать",
                "meta": {
                    "id": 31
                }
            },
            {
                "outputs": "доктор стал",
                "meta": {
                    "id": 267
                }
            },
            {
                "outputs": "артур инал",
                "meta": {
                    "id": 238
                }
            },
            {
                "outputs": "отмены пребывавший",
                "meta": {
                    "id": 95
                }
            },
            {
                "outputs": "киноакадемии. автобиографическом",
                "meta": {
                    "id": 3
                }
            },
            {
                "outputs": "была романа",
                "meta": {
                    "id": 58
                }
            },
            {
                "outputs": "самым бэтмена",
                "meta": {
                    "id": 163
                }
            },
            {
                "outputs": "математика, в",
                "meta": {
                    "id": 37
                }
            },
            {
                "outputs": "снятая музей",
                "meta": {
                    "id": 227
                }
            },
            {
                "outputs": "ведьмака среди",
                "meta": {
                    "id": 214
                }
            },
            {
                "outputs": "сцепились пьяни",
                "meta": {
                    "id": 260
                }
            },
            {
                "outputs": "испании, впервые",
                "meta": {
                    "id": 177
                }
            },
            {
                "outputs": "протяжении протяжении",
                "meta": {
                    "id": 285
                }
            },
            {
                "outputs": "дало собственного",
                "meta": {
                    "id": 228
                }
            },
            {
                "outputs": "основываясь аконита.",
                "meta": {
                    "id": 66
                }
            },
            {
                "outputs": "это вирджиния,",
                "meta": {
                    "id": 59
                }
            },
            {
                "outputs": "он была",
                "meta": {
                    "id": 60
                }
            },
            {
                "outputs": "с которую",
                "meta": {
                    "id": 281
                }
            },
            {
                "outputs": "нила геймана",
                "meta": {
                    "id": 93
                }
            },
            {
                "outputs": "дуэту был",
                "meta": {
                    "id": 201
                }
            },
            {
                "outputs": "является инсценировкой",
                "meta": {
                    "id": 289
                }
            },
            {
                "outputs": "имитируя мумифицированное",
                "meta": {
                    "id": 401
                }
            },
            {
                "outputs": "4 репортера",
                "meta": {
                    "id": 159
                }
            },
            {
                "outputs": "года влияет",
                "meta": {
                    "id": 307
                }
            },
            {
                "outputs": "шествия известие",
                "meta": {
                    "id": 75
                }
            },
            {
                "outputs": "свидетельства богине",
                "meta": {
                    "id": 187
                }
            },
            {
                "outputs": "набок прятаться",
                "meta": {
                    "id": 402
                }
            },
            {
                "outputs": "какого сценарии",
                "meta": {
                    "id": 194
                }
            },
            {
                "outputs": "пришла в",
                "meta": {
                    "id": 46
                }
            },
            {
                "outputs": "с из-за",
                "meta": {
                    "id": 256
                }
            },
            {
                "outputs": "под в",
                "meta": {
                    "id": 388
                }
            },
            {
                "outputs": "«я смотрела",
                "meta": {
                    "id": 103
                }
            },
            {
                "outputs": "черного золотом",
                "meta": {
                    "id": 109
                }
            },
            {
                "outputs": "поэтому сожжению",
                "meta": {
                    "id": 243
                }
            },
            {
                "outputs": "завершилась ночь",
                "meta": {
                    "id": 12
                }
            },
            {
                "outputs": "бесконечно комедии,",
                "meta": {
                    "id": 20
                }
            },
            {
                "outputs": "года, найденной",
                "meta": {
                    "id": 49
                }
            },
            {
                "outputs": "алехандро так",
                "meta": {
                    "id": 43
                }
            },
            {
                "outputs": "1956 саарской",
                "meta": {
                    "id": 55
                }
            },
            {
                "outputs": "не в",
                "meta": {
                    "id": 324
                }
            },
            {
                "outputs": "его напиток",
                "meta": {
                    "id": 175
                }
            },
            {
                "outputs": "носит главный",
                "meta": {
                    "id": 400
                }
            },
            {
                "outputs": "в котовской",
                "meta": {
                    "id": 15
                }
            },
            {
                "outputs": "монарха, великобритании",
                "meta": {
                    "id": 370
                }
            },
            {
                "outputs": "сентября улица",
                "meta": {
                    "id": 270
                }
            },
            {
                "outputs": "в обладательница",
                "meta": {
                    "id": 81
                }
            },
            {
                "outputs": "так в",
                "meta": {
                    "id": 295
                }
            },
            {
                "outputs": "и окончил",
                "meta": {
                    "id": 331
                }
            },
            {
                "outputs": "идея когда",
                "meta": {
                    "id": 33
                }
            },
            {
                "outputs": "героя “generation",
                "meta": {
                    "id": 363
                }
            },
            {
                "outputs": "был создателями",
                "meta": {
                    "id": 231
                }
            },
            {
                "outputs": "rofl rofl",
                "meta": {
                    "id": 381
                }
            },
            {
                "outputs": "татьяна фильма,",
                "meta": {
                    "id": 73
                }
            },
            {
                "outputs": "себя, чтобы",
                "meta": {
                    "id": 264
                }
            },
            {
                "outputs": "миллигана\" правильно",
                "meta": {
                    "id": 229
                }
            },
            {
                "outputs": "суде совершала",
                "meta": {
                    "id": 116
                }
            },
            {
                "outputs": "городе сразу",
                "meta": {
                    "id": 321
                }
            },
            {
                "outputs": "«тащить скорее",
                "meta": {
                    "id": 70
                }
            },
            {
                "outputs": "мент сюжет",
                "meta": {
                    "id": 257
                }
            },
            {
                "outputs": "1,8 сам",
                "meta": {
                    "id": 144
                }
            },
            {
                "outputs": "сезона камео",
                "meta": {
                    "id": 296
                }
            },
            {
                "outputs": "бульвару в",
                "meta": {
                    "id": 57
                }
            },
            {
                "outputs": "относятся, купорос,",
                "meta": {
                    "id": 280
                }
            },
            {
                "outputs": "действие этого",
                "meta": {
                    "id": 96
                }
            },
            {
                "outputs": "в как",
                "meta": {
                    "id": 149
                }
            },
            {
                "outputs": "1936 славится",
                "meta": {
                    "id": 275
                }
            },
            {
                "outputs": "газете «комсомольская",
                "meta": {
                    "id": 197
                }
            },
            {
                "outputs": "этот библиотеке",
                "meta": {
                    "id": 340
                }
            },
            {
                "outputs": "так была",
                "meta": {
                    "id": 48
                }
            },
            {
                "outputs": "мэлс мэлс",
                "meta": {
                    "id": 390
                }
            },
            {
                "outputs": "не любят",
                "meta": {
                    "id": 308
                }
            },
            {
                "outputs": "продуктов? что",
                "meta": {
                    "id": 376
                }
            },
            {
                "outputs": "году, в",
                "meta": {
                    "id": 156
                }
            },
            {
                "outputs": "в внутренней",
                "meta": {
                    "id": 287
                }
            },
            {
                "outputs": "\"pulp иностранного",
                "meta": {
                    "id": 351
                }
            },
            {
                "outputs": "в считается,",
                "meta": {
                    "id": 412
                }
            },
            {
                "outputs": "вокалиерамм. название",
                "meta": {
                    "id": 269
                }
            },
            {
                "outputs": "первых из",
                "meta": {
                    "id": 410
                }
            },
            {
                "outputs": "газеты сотрудничавший",
                "meta": {
                    "id": 415
                }
            },
            {
                "outputs": "к году",
                "meta": {
                    "id": 176
                }
            },
            {
                "outputs": "генле этом",
                "meta": {
                    "id": 315
                }
            },
            {
                "outputs": "франкский, последователи",
                "meta": {
                    "id": 79
                }
            },
            {
                "outputs": "романовых. к",
                "meta": {
                    "id": 35
                }
            },
            {
                "outputs": "си рен),",
                "meta": {
                    "id": 282
                }
            },
            {
                "outputs": "подземных конспиролог",
                "meta": {
                    "id": 413
                }
            },
            {
                "outputs": "памятника, мухина.",
                "meta": {
                    "id": 385
                }
            },
            {
                "outputs": "полководец полководец",
                "meta": {
                    "id": 185
                }
            },
            {
                "outputs": "савалас отиено",
                "meta": {
                    "id": 134
                }
            },
            {
                "outputs": "стас стас",
                "meta": {
                    "id": 166
                }
            },
            {
                "outputs": "для серии",
                "meta": {
                    "id": 293
                }
            },
            {
                "outputs": "водорода”. открытию",
                "meta": {
                    "id": 378
                }
            },
            {
                "outputs": "добрым, «знак",
                "meta": {
                    "id": 371
                }
            },
            {
                "outputs": "из после",
                "meta": {
                    "id": 172
                }
            },
            {
                "outputs": "коэнов братьев",
                "meta": {
                    "id": 47
                }
            },
            {
                "outputs": "стал выглядеть.",
                "meta": {
                    "id": 259
                }
            },
            {
                "outputs": "первого первого",
                "meta": {
                    "id": 374
                }
            }
        ]
    }
}