{
    "data": {
        "test": [
            {
                "outputs": "D",
                "meta": {
                    "id": 0
                }
            },
            {
                "outputs": "D",
                "meta": {
                    "id": 1
                }
            },
            {
                "outputs": "D",
                "meta": {
                    "id": 2
                }
            },
            {
                "outputs": "C",
                "meta": {
                    "id": 3
                }
            },
            {
                "outputs": "B",
                "meta": {
                    "id": 4
                }
            },
            {
                "outputs": "B",
                "meta": {
                    "id": 5
                }
            },
            {
                "outputs": "C",
                "meta": {
                    "id": 6
                }
            },
            {
                "outputs": "C",
                "meta": {
                    "id": 7
                }
            },
            {
                "outputs": "A",
                "meta": {
                    "id": 8
                }
            },
            {
                "outputs": "C",
                "meta": {
                    "id": 9
                }
            },
            {
                "outputs": "A",
                "meta": {
                    "id": 10
                }
            },
            {
                "outputs": "C",
                "meta": {
                    "id": 11
                }
            },
            {
                "outputs": "B",
                "meta": {
                    "id": 12
                }
            },
            {
                "outputs": "A",
                "meta": {
                    "id": 13
                }
            },
            {
                "outputs": "C",
                "meta": {
                    "id": 14
                }
            },
            {
                "outputs": "D",
                "meta": {
                    "id": 15
                }
            },
            {
                "outputs": "A",
                "meta": {
                    "id": 16
                }
            },
            {
                "outputs": "D",
                "meta": {
                    "id": 17
                }
            },
            {
                "outputs": "B",
                "meta": {
                    "id": 18
                }
            },
            {
                "outputs": "A",
                "meta": {
                    "id": 19
                }
            },
            {
                "outputs": "C",
                "meta": {
                    "id": 20
                }
            },
            {
                "outputs": "C",
                "meta": {
                    "id": 21
                }
            },
            {
                "outputs": "D",
                "meta": {
                    "id": 22
                }
            },
            {
                "outputs": "B",
                "meta": {
                    "id": 23
                }
            },
            {
                "outputs": "A",
                "meta": {
                    "id": 24
                }
            },
            {
                "outputs": "D",
                "meta": {
                    "id": 25
                }
            },
            {
                "outputs": "D",
                "meta": {
                    "id": 26
                }
            },
            {
                "outputs": "C",
                "meta": {
                    "id": 27
                }
            },
            {
                "outputs": "A",
                "meta": {
                    "id": 28
                }
            },
            {
                "outputs": "B",
                "meta": {
                    "id": 29
                }
            },
            {
                "outputs": "B",
                "meta": {
                    "id": 30
                }
            },
            {
                "outputs": "B",
                "meta": {
                    "id": 31
                }
            },
            {
                "outputs": "B",
                "meta": {
                    "id": 32
                }
            },
            {
                "outputs": "D",
                "meta": {
                    "id": 33
                }
            },
            {
                "outputs": "A",
                "meta": {
                    "id": 34
                }
            },
            {
                "outputs": "D",
                "meta": {
                    "id": 35
                }
            },
            {
                "outputs": "A",
                "meta": {
                    "id": 36
                }
            },
            {
                "outputs": "D",
                "meta": {
                    "id": 37
                }
            },
            {
                "outputs": "B",
                "meta": {
                    "id": 38
                }
            },
            {
                "outputs": "B",
                "meta": {
                    "id": 39
                }
            },
            {
                "outputs": "B",
                "meta": {
                    "id": 40
                }
            },
            {
                "outputs": "B",
                "meta": {
                    "id": 41
                }
            },
            {
                "outputs": "B",
                "meta": {
                    "id": 42
                }
            },
            {
                "outputs": "B",
                "meta": {
                    "id": 43
                }
            },
            {
                "outputs": "B",
                "meta": {
                    "id": 44
                }
            },
            {
                "outputs": "B",
                "meta": {
                    "id": 45
                }
            },
            {
                "outputs": "C",
                "meta": {
                    "id": 46
                }
            },
            {
                "outputs": "C",
                "meta": {
                    "id": 47
                }
            },
            {
                "outputs": "C",
                "meta": {
                    "id": 48
                }
            },
            {
                "outputs": "D",
                "meta": {
                    "id": 49
                }
            },
            {
                "outputs": "C",
                "meta": {
                    "id": 50
                }
            },
            {
                "outputs": "D",
                "meta": {
                    "id": 51
                }
            },
            {
                "outputs": "C",
                "meta": {
                    "id": 52
                }
            },
            {
                "outputs": "D",
                "meta": {
                    "id": 53
                }
            },
            {
                "outputs": "D",
                "meta": {
                    "id": 54
                }
            },
            {
                "outputs": "B",
                "meta": {
                    "id": 55
                }
            },
            {
                "outputs": "C",
                "meta": {
                    "id": 56
                }
            },
            {
                "outputs": "A",
                "meta": {
                    "id": 57
                }
            },
            {
                "outputs": "D",
                "meta": {
                    "id": 58
                }
            },
            {
                "outputs": "B",
                "meta": {
                    "id": 59
                }
            },
            {
                "outputs": "C",
                "meta": {
                    "id": 60
                }
            },
            {
                "outputs": -777,
                "meta": {
                    "id": 61
                }
            },
            {
                "outputs": "A",
                "meta": {
                    "id": 62
                }
            },
            {
                "outputs": "A",
                "meta": {
                    "id": 63
                }
            },
            {
                "outputs": "B",
                "meta": {
                    "id": 64
                }
            },
            {
                "outputs": "D",
                "meta": {
                    "id": 65
                }
            },
            {
                "outputs": "D",
                "meta": {
                    "id": 66
                }
            },
            {
                "outputs": "C",
                "meta": {
                    "id": 67
                }
            },
            {
                "outputs": "D",
                "meta": {
                    "id": 68
                }
            },
            {
                "outputs": "D",
                "meta": {
                    "id": 69
                }
            },
            {
                "outputs": "B",
                "meta": {
                    "id": 70
                }
            },
            {
                "outputs": "C",
                "meta": {
                    "id": 71
                }
            },
            {
                "outputs": "D",
                "meta": {
                    "id": 72
                }
            },
            {
                "outputs": "B",
                "meta": {
                    "id": 73
                }
            },
            {
                "outputs": "A",
                "meta": {
                    "id": 74
                }
            },
            {
                "outputs": "A",
                "meta": {
                    "id": 75
                }
            },
            {
                "outputs": "C",
                "meta": {
                    "id": 76
                }
            },
            {
                "outputs": "B",
                "meta": {
                    "id": 77
                }
            },
            {
                "outputs": "A",
                "meta": {
                    "id": 78
                }
            },
            {
                "outputs": "D",
                "meta": {
                    "id": 79
                }
            },
            {
                "outputs": "B",
                "meta": {
                    "id": 80
                }
            },
            {
                "outputs": "C",
                "meta": {
                    "id": 81
                }
            },
            {
                "outputs": "D",
                "meta": {
                    "id": 82
                }
            },
            {
                "outputs": "B",
                "meta": {
                    "id": 83
                }
            },
            {
                "outputs": "D",
                "meta": {
                    "id": 84
                }
            },
            {
                "outputs": "A",
                "meta": {
                    "id": 85
                }
            },
            {
                "outputs": "B",
                "meta": {
                    "id": 86
                }
            },
            {
                "outputs": "B",
                "meta": {
                    "id": 87
                }
            },
            {
                "outputs": "B",
                "meta": {
                    "id": 88
                }
            },
            {
                "outputs": "B",
                "meta": {
                    "id": 89
                }
            },
            {
                "outputs": "B",
                "meta": {
                    "id": 90
                }
            },
            {
                "outputs": "A",
                "meta": {
                    "id": 91
                }
            },
            {
                "outputs": "B",
                "meta": {
                    "id": 92
                }
            },
            {
                "outputs": "B",
                "meta": {
                    "id": 93
                }
            },
            {
                "outputs": "A",
                "meta": {
                    "id": 94
                }
            },
            {
                "outputs": "A",
                "meta": {
                    "id": 95
                }
            },
            {
                "outputs": "D",
                "meta": {
                    "id": 96
                }
            },
            {
                "outputs": "A",
                "meta": {
                    "id": 97
                }
            },
            {
                "outputs": "B",
                "meta": {
                    "id": 98
                }
            },
            {
                "outputs": "D",
                "meta": {
                    "id": 99
                }
            },
            {
                "outputs": "A",
                "meta": {
                    "id": 100
                }
            },
            {
                "outputs": "D",
                "meta": {
                    "id": 101
                }
            },
            {
                "outputs": "B",
                "meta": {
                    "id": 102
                }
            },
            {
                "outputs": "B",
                "meta": {
                    "id": 103
                }
            },
            {
                "outputs": "D",
                "meta": {
                    "id": 104
                }
            },
            {
                "outputs": "A",
                "meta": {
                    "id": 105
                }
            },
            {
                "outputs": "C",
                "meta": {
                    "id": 106
                }
            },
            {
                "outputs": "D",
                "meta": {
                    "id": 107
                }
            },
            {
                "outputs": "D",
                "meta": {
                    "id": 108
                }
            },
            {
                "outputs": "A",
                "meta": {
                    "id": 109
                }
            },
            {
                "outputs": "B",
                "meta": {
                    "id": 110
                }
            },
            {
                "outputs": "A",
                "meta": {
                    "id": 111
                }
            },
            {
                "outputs": "A",
                "meta": {
                    "id": 112
                }
            },
            {
                "outputs": "C",
                "meta": {
                    "id": 113
                }
            },
            {
                "outputs": "C",
                "meta": {
                    "id": 114
                }
            },
            {
                "outputs": "C",
                "meta": {
                    "id": 115
                }
            },
            {
                "outputs": "C",
                "meta": {
                    "id": 116
                }
            },
            {
                "outputs": "A",
                "meta": {
                    "id": 117
                }
            },
            {
                "outputs": "D",
                "meta": {
                    "id": 118
                }
            },
            {
                "outputs": "A",
                "meta": {
                    "id": 119
                }
            },
            {
                "outputs": "A",
                "meta": {
                    "id": 120
                }
            },
            {
                "outputs": "A",
                "meta": {
                    "id": 121
                }
            },
            {
                "outputs": "D",
                "meta": {
                    "id": 122
                }
            },
            {
                "outputs": "C",
                "meta": {
                    "id": 123
                }
            },
            {
                "outputs": "D",
                "meta": {
                    "id": 124
                }
            },
            {
                "outputs": "C",
                "meta": {
                    "id": 125
                }
            },
            {
                "outputs": "B",
                "meta": {
                    "id": 126
                }
            },
            {
                "outputs": "D",
                "meta": {
                    "id": 127
                }
            },
            {
                "outputs": "C",
                "meta": {
                    "id": 128
                }
            },
            {
                "outputs": "D",
                "meta": {
                    "id": 129
                }
            },
            {
                "outputs": "C",
                "meta": {
                    "id": 130
                }
            },
            {
                "outputs": "D",
                "meta": {
                    "id": 131
                }
            },
            {
                "outputs": "A",
                "meta": {
                    "id": 132
                }
            },
            {
                "outputs": "A",
                "meta": {
                    "id": 133
                }
            },
            {
                "outputs": "B",
                "meta": {
                    "id": 134
                }
            },
            {
                "outputs": "C",
                "meta": {
                    "id": 135
                }
            },
            {
                "outputs": "D",
                "meta": {
                    "id": 136
                }
            },
            {
                "outputs": "A",
                "meta": {
                    "id": 137
                }
            },
            {
                "outputs": "A",
                "meta": {
                    "id": 138
                }
            },
            {
                "outputs": "A",
                "meta": {
                    "id": 139
                }
            },
            {
                "outputs": "B",
                "meta": {
                    "id": 140
                }
            },
            {
                "outputs": "A",
                "meta": {
                    "id": 141
                }
            },
            {
                "outputs": "D",
                "meta": {
                    "id": 142
                }
            },
            {
                "outputs": "A",
                "meta": {
                    "id": 143
                }
            },
            {
                "outputs": "C",
                "meta": {
                    "id": 144
                }
            },
            {
                "outputs": "B",
                "meta": {
                    "id": 145
                }
            },
            {
                "outputs": "A",
                "meta": {
                    "id": 146
                }
            },
            {
                "outputs": "B",
                "meta": {
                    "id": 147
                }
            },
            {
                "outputs": "B",
                "meta": {
                    "id": 148
                }
            },
            {
                "outputs": "C",
                "meta": {
                    "id": 149
                }
            },
            {
                "outputs": "D",
                "meta": {
                    "id": 150
                }
            },
            {
                "outputs": "C",
                "meta": {
                    "id": 151
                }
            },
            {
                "outputs": "C",
                "meta": {
                    "id": 152
                }
            },
            {
                "outputs": "B",
                "meta": {
                    "id": 153
                }
            },
            {
                "outputs": "A",
                "meta": {
                    "id": 154
                }
            },
            {
                "outputs": "B",
                "meta": {
                    "id": 155
                }
            },
            {
                "outputs": "B",
                "meta": {
                    "id": 156
                }
            },
            {
                "outputs": "B",
                "meta": {
                    "id": 157
                }
            },
            {
                "outputs": "C",
                "meta": {
                    "id": 158
                }
            },
            {
                "outputs": "A",
                "meta": {
                    "id": 159
                }
            },
            {
                "outputs": "C",
                "meta": {
                    "id": 160
                }
            },
            {
                "outputs": "A",
                "meta": {
                    "id": 161
                }
            },
            {
                "outputs": "D",
                "meta": {
                    "id": 162
                }
            },
            {
                "outputs": "C",
                "meta": {
                    "id": 163
                }
            },
            {
                "outputs": "C",
                "meta": {
                    "id": 164
                }
            },
            {
                "outputs": "D",
                "meta": {
                    "id": 165
                }
            },
            {
                "outputs": "B",
                "meta": {
                    "id": 166
                }
            },
            {
                "outputs": "A",
                "meta": {
                    "id": 167
                }
            },
            {
                "outputs": "C",
                "meta": {
                    "id": 168
                }
            },
            {
                "outputs": "B",
                "meta": {
                    "id": 169
                }
            },
            {
                "outputs": "D",
                "meta": {
                    "id": 170
                }
            },
            {
                "outputs": "C",
                "meta": {
                    "id": 171
                }
            },
            {
                "outputs": "C",
                "meta": {
                    "id": 172
                }
            },
            {
                "outputs": "A",
                "meta": {
                    "id": 173
                }
            },
            {
                "outputs": "B",
                "meta": {
                    "id": 174
                }
            },
            {
                "outputs": "A",
                "meta": {
                    "id": 175
                }
            },
            {
                "outputs": "A",
                "meta": {
                    "id": 176
                }
            },
            {
                "outputs": "C",
                "meta": {
                    "id": 177
                }
            },
            {
                "outputs": "B",
                "meta": {
                    "id": 178
                }
            },
            {
                "outputs": "D",
                "meta": {
                    "id": 179
                }
            },
            {
                "outputs": "C",
                "meta": {
                    "id": 180
                }
            },
            {
                "outputs": "C",
                "meta": {
                    "id": 181
                }
            },
            {
                "outputs": "C",
                "meta": {
                    "id": 182
                }
            },
            {
                "outputs": "D",
                "meta": {
                    "id": 183
                }
            },
            {
                "outputs": "C",
                "meta": {
                    "id": 184
                }
            },
            {
                "outputs": "A",
                "meta": {
                    "id": 185
                }
            },
            {
                "outputs": "D",
                "meta": {
                    "id": 186
                }
            },
            {
                "outputs": "B",
                "meta": {
                    "id": 187
                }
            },
            {
                "outputs": "A",
                "meta": {
                    "id": 188
                }
            },
            {
                "outputs": "A",
                "meta": {
                    "id": 189
                }
            },
            {
                "outputs": "C",
                "meta": {
                    "id": 190
                }
            },
            {
                "outputs": "A",
                "meta": {
                    "id": 191
                }
            },
            {
                "outputs": "B",
                "meta": {
                    "id": 192
                }
            },
            {
                "outputs": "A",
                "meta": {
                    "id": 193
                }
            },
            {
                "outputs": "D",
                "meta": {
                    "id": 194
                }
            },
            {
                "outputs": "A",
                "meta": {
                    "id": 195
                }
            },
            {
                "outputs": "B",
                "meta": {
                    "id": 196
                }
            },
            {
                "outputs": "B",
                "meta": {
                    "id": 197
                }
            },
            {
                "outputs": "B",
                "meta": {
                    "id": 198
                }
            },
            {
                "outputs": "C",
                "meta": {
                    "id": 199
                }
            },
            {
                "outputs": "D",
                "meta": {
                    "id": 200
                }
            },
            {
                "outputs": "D",
                "meta": {
                    "id": 201
                }
            },
            {
                "outputs": "D",
                "meta": {
                    "id": 202
                }
            },
            {
                "outputs": "B",
                "meta": {
                    "id": 203
                }
            },
            {
                "outputs": "A",
                "meta": {
                    "id": 204
                }
            },
            {
                "outputs": "B",
                "meta": {
                    "id": 205
                }
            },
            {
                "outputs": "D",
                "meta": {
                    "id": 206
                }
            },
            {
                "outputs": "C",
                "meta": {
                    "id": 207
                }
            },
            {
                "outputs": "B",
                "meta": {
                    "id": 208
                }
            },
            {
                "outputs": "A",
                "meta": {
                    "id": 209
                }
            },
            {
                "outputs": "A",
                "meta": {
                    "id": 210
                }
            },
            {
                "outputs": "A",
                "meta": {
                    "id": 211
                }
            },
            {
                "outputs": "C",
                "meta": {
                    "id": 212
                }
            },
            {
                "outputs": "C",
                "meta": {
                    "id": 213
                }
            },
            {
                "outputs": "C",
                "meta": {
                    "id": 214
                }
            },
            {
                "outputs": "B",
                "meta": {
                    "id": 215
                }
            },
            {
                "outputs": "B",
                "meta": {
                    "id": 216
                }
            },
            {
                "outputs": "D",
                "meta": {
                    "id": 217
                }
            },
            {
                "outputs": "B",
                "meta": {
                    "id": 218
                }
            },
            {
                "outputs": "C",
                "meta": {
                    "id": 219
                }
            },
            {
                "outputs": "C",
                "meta": {
                    "id": 220
                }
            },
            {
                "outputs": "D",
                "meta": {
                    "id": 221
                }
            },
            {
                "outputs": "C",
                "meta": {
                    "id": 222
                }
            },
            {
                "outputs": "B",
                "meta": {
                    "id": 223
                }
            },
            {
                "outputs": "D",
                "meta": {
                    "id": 224
                }
            },
            {
                "outputs": "D",
                "meta": {
                    "id": 225
                }
            },
            {
                "outputs": "C",
                "meta": {
                    "id": 226
                }
            },
            {
                "outputs": "C",
                "meta": {
                    "id": 227
                }
            },
            {
                "outputs": "A",
                "meta": {
                    "id": 228
                }
            },
            {
                "outputs": "C",
                "meta": {
                    "id": 229
                }
            },
            {
                "outputs": "D",
                "meta": {
                    "id": 230
                }
            },
            {
                "outputs": "C",
                "meta": {
                    "id": 231
                }
            },
            {
                "outputs": "B",
                "meta": {
                    "id": 232
                }
            },
            {
                "outputs": "D",
                "meta": {
                    "id": 233
                }
            },
            {
                "outputs": "A",
                "meta": {
                    "id": 234
                }
            },
            {
                "outputs": "B",
                "meta": {
                    "id": 235
                }
            },
            {
                "outputs": "C",
                "meta": {
                    "id": 236
                }
            },
            {
                "outputs": "B",
                "meta": {
                    "id": 237
                }
            },
            {
                "outputs": "A",
                "meta": {
                    "id": 238
                }
            },
            {
                "outputs": "A",
                "meta": {
                    "id": 239
                }
            },
            {
                "outputs": "A",
                "meta": {
                    "id": 240
                }
            },
            {
                "outputs": "C",
                "meta": {
                    "id": 241
                }
            },
            {
                "outputs": "A",
                "meta": {
                    "id": 242
                }
            },
            {
                "outputs": "C",
                "meta": {
                    "id": 243
                }
            },
            {
                "outputs": "C",
                "meta": {
                    "id": 244
                }
            },
            {
                "outputs": "C",
                "meta": {
                    "id": 245
                }
            },
            {
                "outputs": "C",
                "meta": {
                    "id": 246
                }
            },
            {
                "outputs": "A",
                "meta": {
                    "id": 247
                }
            },
            {
                "outputs": "C",
                "meta": {
                    "id": 248
                }
            },
            {
                "outputs": "B",
                "meta": {
                    "id": 249
                }
            },
            {
                "outputs": "A",
                "meta": {
                    "id": 250
                }
            },
            {
                "outputs": "C",
                "meta": {
                    "id": 251
                }
            },
            {
                "outputs": "C",
                "meta": {
                    "id": 252
                }
            },
            {
                "outputs": "D",
                "meta": {
                    "id": 253
                }
            },
            {
                "outputs": "A",
                "meta": {
                    "id": 254
                }
            },
            {
                "outputs": "C",
                "meta": {
                    "id": 255
                }
            },
            {
                "outputs": "A",
                "meta": {
                    "id": 256
                }
            },
            {
                "outputs": "B",
                "meta": {
                    "id": 257
                }
            },
            {
                "outputs": "C",
                "meta": {
                    "id": 258
                }
            },
            {
                "outputs": "C",
                "meta": {
                    "id": 259
                }
            }
        ]
    }
}