{
    "data": {
        "test": [
            {
                "outputs": "называет в",
                "meta": {
                    "id": 131
                }
            },
            {
                "outputs": "или лёг",
                "meta": {
                    "id": 25
                }
            },
            {
                "outputs": "книги в",
                "meta": {
                    "id": 365
                }
            },
            {
                "outputs": "laibach своей",
                "meta": {
                    "id": 310
                }
            },
            {
                "outputs": "сыном округ",
                "meta": {
                    "id": 68
                }
            },
            {
                "outputs": "описывается года",
                "meta": {
                    "id": 195
                }
            },
            {
                "outputs": "вышедших на",
                "meta": {
                    "id": 167
                }
            },
            {
                "outputs": "это день",
                "meta": {
                    "id": 261
                }
            },
            {
                "outputs": "«шестеро». означает",
                "meta": {
                    "id": 110
                }
            },
            {
                "outputs": "free списка",
                "meta": {
                    "id": 26
                }
            },
            {
                "outputs": "poupée кукла”)",
                "meta": {
                    "id": 6
                }
            },
            {
                "outputs": "об killer",
                "meta": {
                    "id": 121
                }
            },
            {
                "outputs": "этим его",
                "meta": {
                    "id": 266
                }
            },
            {
                "outputs": "в в",
                "meta": {
                    "id": 347
                }
            },
            {
                "outputs": "эпизодов эпизодов",
                "meta": {
                    "id": 139
                }
            },
            {
                "outputs": "мужей-ревнивцев. и",
                "meta": {
                    "id": 117
                }
            },
            {
                "outputs": "зависимости разработали",
                "meta": {
                    "id": 152
                }
            },
            {
                "outputs": "«сагу постить»",
                "meta": {
                    "id": 173
                }
            },
            {
                "outputs": "аман мардохею",
                "meta": {
                    "id": 38
                }
            },
            {
                "outputs": "п38), стероидах.",
                "meta": {
                    "id": 303
                }
            },
            {
                "outputs": "мечети аль-акса.",
                "meta": {
                    "id": 225
                }
            },
            {
                "outputs": "совместно рыбами",
                "meta": {
                    "id": 169
                }
            },
            {
                "outputs": "вашингтон город»,",
                "meta": {
                    "id": 41
                }
            },
            {
                "outputs": "пасть из",
                "meta": {
                    "id": 301
                }
            },
            {
                "outputs": "библейского текст",
                "meta": {
                    "id": 221
                }
            },
            {
                "outputs": "запас мире",
                "meta": {
                    "id": 309
                }
            },
            {
                "outputs": "горьковым на",
                "meta": {
                    "id": 247
                }
            },
            {
                "outputs": "небольшое утверждал,",
                "meta": {
                    "id": 223
                }
            },
            {
                "outputs": "загорелся снять",
                "meta": {
                    "id": 325
                }
            },
            {
                "outputs": "на альбома",
                "meta": {
                    "id": 234
                }
            },
            {
                "outputs": "в подлинным",
                "meta": {
                    "id": 53
                }
            },
            {
                "outputs": "аргентинских «животными»",
                "meta": {
                    "id": 54
                }
            },
            {
                "outputs": "именем медведь",
                "meta": {
                    "id": 119
                }
            },
            {
                "outputs": "был подданным,",
                "meta": {
                    "id": 207
                }
            },
            {
                "outputs": "государственный политический",
                "meta": {
                    "id": 367
                }
            },
            {
                "outputs": "неодушевленными в",
                "meta": {
                    "id": 254
                }
            },
            {
                "outputs": "находясь произведение",
                "meta": {
                    "id": 313
                }
            },
            {
                "outputs": "сэма последняя",
                "meta": {
                    "id": 78
                }
            },
            {
                "outputs": "истории честь",
                "meta": {
                    "id": 271
                }
            },
            {
                "outputs": "волгограде. установлена",
                "meta": {
                    "id": 357
                }
            },
            {
                "outputs": "пушкина который",
                "meta": {
                    "id": 83
                }
            },
            {
                "outputs": "расположен аэропорт",
                "meta": {
                    "id": 403
                }
            },
            {
                "outputs": "в в",
                "meta": {
                    "id": 145
                }
            },
            {
                "outputs": "изображён этот",
                "meta": {
                    "id": 51
                }
            },
            {
                "outputs": "году а",
                "meta": {
                    "id": 306
                }
            },
            {
                "outputs": "1986 владельцем",
                "meta": {
                    "id": 29
                }
            },
            {
                "outputs": "«прежде можно",
                "meta": {
                    "id": 27
                }
            },
            {
                "outputs": "а потому",
                "meta": {
                    "id": 150
                }
            },
            {
                "outputs": "папы папу,",
                "meta": {
                    "id": 188
                }
            },
            {
                "outputs": "в \"канатоходка\"",
                "meta": {
                    "id": 217
                }
            },
            {
                "outputs": "отправила советский",
                "meta": {
                    "id": 135
                }
            },
            {
                "outputs": "которого вообще",
                "meta": {
                    "id": 13
                }
            },
            {
                "outputs": "в этот",
                "meta": {
                    "id": 359
                }
            },
            {
                "outputs": "два zitrone).",
                "meta": {
                    "id": 21
                }
            },
            {
                "outputs": "перепончатых который",
                "meta": {
                    "id": 241
                }
            },
            {
                "outputs": "строить герой-любовник",
                "meta": {
                    "id": 125
                }
            },
            {
                "outputs": "дают \"кровавый",
                "meta": {
                    "id": 233
                }
            },
            {
                "outputs": "жана-беделя министром",
                "meta": {
                    "id": 92
                }
            },
            {
                "outputs": "начинается или",
                "meta": {
                    "id": 339
                }
            },
            {
                "outputs": "отказалась отказалась",
                "meta": {
                    "id": 104
                }
            },
            {
                "outputs": "с его",
                "meta": {
                    "id": 84
                }
            },
            {
                "outputs": "по описывается",
                "meta": {
                    "id": 218
                }
            },
            {
                "outputs": "повествования этот",
                "meta": {
                    "id": 45
                }
            },
            {
                "outputs": "режиссерского образования",
                "meta": {
                    "id": 206
                }
            },
            {
                "outputs": "этой реактора",
                "meta": {
                    "id": 65
                }
            },
            {
                "outputs": "этой пятиконечная",
                "meta": {
                    "id": 284
                }
            },
            {
                "outputs": "на административном",
                "meta": {
                    "id": 279
                }
            },
            {
                "outputs": "с сюжету",
                "meta": {
                    "id": 76
                }
            },
            {
                "outputs": "рсфср рсфср",
                "meta": {
                    "id": 389
                }
            },
            {
                "outputs": "западногерманский хую",
                "meta": {
                    "id": 69
                }
            },
            {
                "outputs": "интерес авторством",
                "meta": {
                    "id": 91
                }
            },
            {
                "outputs": "такой такой",
                "meta": {
                    "id": 399
                }
            },
            {
                "outputs": "в цифры,",
                "meta": {
                    "id": 113
                }
            },
            {
                "outputs": "на горе",
                "meta": {
                    "id": 386
                }
            },
            {
                "outputs": "её её",
                "meta": {
                    "id": 272
                }
            },
            {
                "outputs": "футбол. болеет",
                "meta": {
                    "id": 102
                }
            },
            {
                "outputs": "и градским,",
                "meta": {
                    "id": 250
                }
            },
            {
                "outputs": "друзьями\"? и",
                "meta": {
                    "id": 202
                }
            },
            {
                "outputs": "лазер лазер",
                "meta": {
                    "id": 377
                }
            },
            {
                "outputs": "расположено пигаль.",
                "meta": {
                    "id": 397
                }
            },
            {
                "outputs": "и признал",
                "meta": {
                    "id": 249
                }
            },
            {
                "outputs": "он вместе",
                "meta": {
                    "id": 67
                }
            },
            {
                "outputs": "фраза мне",
                "meta": {
                    "id": 0
                }
            },
            {
                "outputs": "как года",
                "meta": {
                    "id": 7
                }
            },
            {
                "outputs": "что существует",
                "meta": {
                    "id": 100
                }
            },
            {
                "outputs": "во госпитальеров",
                "meta": {
                    "id": 62
                }
            },
            {
                "outputs": "«легенда». «легенда».",
                "meta": {
                    "id": 28
                }
            },
            {
                "outputs": "из геракла,",
                "meta": {
                    "id": 42
                }
            },
            {
                "outputs": "ссср года.",
                "meta": {
                    "id": 314
                }
            },
            {
                "outputs": "сюжеты зеленую",
                "meta": {
                    "id": 40
                }
            },
            {
                "outputs": "размеров. именно",
                "meta": {
                    "id": 290
                }
            },
            {
                "outputs": "подобным символом",
                "meta": {
                    "id": 17
                }
            },
            {
                "outputs": "режиссёра инстаграме",
                "meta": {
                    "id": 219
                }
            },
            {
                "outputs": "\"торговца в",
                "meta": {
                    "id": 146
                }
            },
            {
                "outputs": "егрюл егрюл",
                "meta": {
                    "id": 361
                }
            },
            {
                "outputs": "названием не",
                "meta": {
                    "id": 263
                }
            },
            {
                "outputs": "из из",
                "meta": {
                    "id": 98
                }
            },
            {
                "outputs": "учебные заведения",
                "meta": {
                    "id": 396
                }
            },
            {
                "outputs": "последний. юпитера",
                "meta": {
                    "id": 105
                }
            },
            {
                "outputs": "обесценит дотошный",
                "meta": {
                    "id": 200
                }
            },
            {
                "outputs": "средства” этого",
                "meta": {
                    "id": 364
                }
            },
            {
                "outputs": "алана которое",
                "meta": {
                    "id": 230
                }
            },
            {
                "outputs": "истории, кошках,",
                "meta": {
                    "id": 210
                }
            },
            {
                "outputs": "исполнил раз.",
                "meta": {
                    "id": 192
                }
            },
            {
                "outputs": "году книги",
                "meta": {
                    "id": 154
                }
            },
            {
                "outputs": "связному» уильяма",
                "meta": {
                    "id": 2
                }
            },
            {
                "outputs": "в 2003",
                "meta": {
                    "id": 120
                }
            },
            {
                "outputs": "конструкцией открывающимися",
                "meta": {
                    "id": 316
                }
            },
            {
                "outputs": "дед этого",
                "meta": {
                    "id": 196
                }
            },
            {
                "outputs": "рассказов герои",
                "meta": {
                    "id": 99
                }
            },
            {
                "outputs": "этой церковь.",
                "meta": {
                    "id": 380
                }
            },
            {
                "outputs": "приписали песни",
                "meta": {
                    "id": 278
                }
            },
            {
                "outputs": "днк днк",
                "meta": {
                    "id": 375
                }
            },
            {
                "outputs": "долларов в",
                "meta": {
                    "id": 1
                }
            },
            {
                "outputs": "портрет посредством",
                "meta": {
                    "id": 158
                }
            },
            {
                "outputs": "1847 кристианом",
                "meta": {
                    "id": 138
                }
            },
            {
                "outputs": "расшифровывая умереть»",
                "meta": {
                    "id": 245
                }
            },
            {
                "outputs": "традиционный прежнее",
                "meta": {
                    "id": 368
                }
            },
            {
                "outputs": "представляющая захотел",
                "meta": {
                    "id": 205
                }
            },
            {
                "outputs": "панелей. в",
                "meta": {
                    "id": 34
                }
            },
            {
                "outputs": "грозу мчащиеся",
                "meta": {
                    "id": 348
                }
            },
            {
                "outputs": "с этом",
                "meta": {
                    "id": 178
                }
            },
            {
                "outputs": "история клипов",
                "meta": {
                    "id": 153
                }
            },
            {
                "outputs": "\"ассы\". в",
                "meta": {
                    "id": 246
                }
            },
            {
                "outputs": "и эмблемах",
                "meta": {
                    "id": 320
                }
            },
            {
                "outputs": "вечеринке, ничего",
                "meta": {
                    "id": 265
                }
            },
            {
                "outputs": "они в",
                "meta": {
                    "id": 180
                }
            },
            {
                "outputs": "межродовой межродовой",
                "meta": {
                    "id": 406
                }
            },
            {
                "outputs": "фото много",
                "meta": {
                    "id": 118
                }
            },
            {
                "outputs": "героя, сидя",
                "meta": {
                    "id": 336
                }
            },
            {
                "outputs": "он градиентом",
                "meta": {
                    "id": 302
                }
            },
            {
                "outputs": "раньше, имена",
                "meta": {
                    "id": 32
                }
            },
            {
                "outputs": "и фамилии",
                "meta": {
                    "id": 10
                }
            },
            {
                "outputs": "около длиной",
                "meta": {
                    "id": 326
                }
            },
            {
                "outputs": "несколько шоу",
                "meta": {
                    "id": 130
                }
            },
            {
                "outputs": "- спорили",
                "meta": {
                    "id": 366
                }
            },
            {
                "outputs": "консультанта занимающимся",
                "meta": {
                    "id": 85
                }
            },
            {
                "outputs": "юнеско юнеско",
                "meta": {
                    "id": 355
                }
            },
            {
                "outputs": "продюсер «максимум»,",
                "meta": {
                    "id": 24
                }
            },
            {
                "outputs": "ночным фрэдди”",
                "meta": {
                    "id": 409
                }
            },
            {
                "outputs": "что что",
                "meta": {
                    "id": 362
                }
            },
            {
                "outputs": "в книг.",
                "meta": {
                    "id": 11
                }
            },
            {
                "outputs": "так так",
                "meta": {
                    "id": 344
                }
            },
            {
                "outputs": "cooper, финляндии.",
                "meta": {
                    "id": 4
                }
            },
            {
                "outputs": "дерденом. него",
                "meta": {
                    "id": 129
                }
            },
            {
                "outputs": "этого лоза",
                "meta": {
                    "id": 184
                }
            },
            {
                "outputs": "наименованию соединений",
                "meta": {
                    "id": 106
                }
            },
            {
                "outputs": "здесь неудачно",
                "meta": {
                    "id": 182
                }
            },
            {
                "outputs": "ягуара\". дочери",
                "meta": {
                    "id": 204
                }
            },
            {
                "outputs": "этой гендер-квир",
                "meta": {
                    "id": 9
                }
            },
            {
                "outputs": "“твин похожий",
                "meta": {
                    "id": 87
                }
            },
            {
                "outputs": "вдохновения роман",
                "meta": {
                    "id": 74
                }
            },
            {
                "outputs": "и послужила",
                "meta": {
                    "id": 317
                }
            },
            {
                "outputs": "1964 фильма",
                "meta": {
                    "id": 22
                }
            },
            {
                "outputs": "тюменскую область",
                "meta": {
                    "id": 360
                }
            },
            {
                "outputs": "холма. держать",
                "meta": {
                    "id": 262
                }
            },
            {
                "outputs": "владимира для",
                "meta": {
                    "id": 19
                }
            },
            {
                "outputs": "тысяч от",
                "meta": {
                    "id": 164
                }
            },
            {
                "outputs": "их из",
                "meta": {
                    "id": 300
                }
            },
            {
                "outputs": "города переводе",
                "meta": {
                    "id": 186
                }
            },
            {
                "outputs": "иностранного российском",
                "meta": {
                    "id": 352
                }
            },
            {
                "outputs": "авторам теперь",
                "meta": {
                    "id": 258
                }
            },
            {
                "outputs": "бассейну что",
                "meta": {
                    "id": 61
                }
            },
            {
                "outputs": "«его деконструкции,",
                "meta": {
                    "id": 71
                }
            },
            {
                "outputs": "отсутствующую линию",
                "meta": {
                    "id": 248
                }
            },
            {
                "outputs": "правозащитнице. пистолет,",
                "meta": {
                    "id": 8
                }
            },
            {
                "outputs": "санкт-петербурге. под",
                "meta": {
                    "id": 299
                }
            },
            {
                "outputs": "сиропами здоровье",
                "meta": {
                    "id": 179
                }
            },
            {
                "outputs": "world world",
                "meta": {
                    "id": 330
                }
            },
            {
                "outputs": "на роджера",
                "meta": {
                    "id": 155
                }
            },
            {
                "outputs": "иностранного этого",
                "meta": {
                    "id": 349
                }
            },
            {
                "outputs": "в вернуться",
                "meta": {
                    "id": 305
                }
            },
            {
                "outputs": "ургант» и",
                "meta": {
                    "id": 171
                }
            },
            {
                "outputs": "и джонс",
                "meta": {
                    "id": 190
                }
            },
            {
                "outputs": "на этих",
                "meta": {
                    "id": 343
                }
            },
            {
                "outputs": "лагшмивара лагшмивара",
                "meta": {
                    "id": 356
                }
            },
            {
                "outputs": "переводе-адаптации название",
                "meta": {
                    "id": 353
                }
            },
            {
                "outputs": "созданное обитателей.",
                "meta": {
                    "id": 304
                }
            },
            {
                "outputs": "появился кожаной",
                "meta": {
                    "id": 124
                }
            },
            {
                "outputs": "оно забавно,",
                "meta": {
                    "id": 63
                }
            },
            {
                "outputs": "ее самым",
                "meta": {
                    "id": 394
                }
            },
            {
                "outputs": "капча капча",
                "meta": {
                    "id": 369
                }
            },
            {
                "outputs": "1994 из",
                "meta": {
                    "id": 23
                }
            },
            {
                "outputs": "ввп”. толкование",
                "meta": {
                    "id": 379
                }
            },
            {
                "outputs": "на вместе",
                "meta": {
                    "id": 211
                }
            },
            {
                "outputs": "в федерации.",
                "meta": {
                    "id": 338
                }
            },
            {
                "outputs": "один с",
                "meta": {
                    "id": 268
                }
            },
            {
                "outputs": "создана мифологическом",
                "meta": {
                    "id": 212
                }
            },
            {
                "outputs": "что стене",
                "meta": {
                    "id": 123
                }
            },
            {
                "outputs": "такое и",
                "meta": {
                    "id": 199
                }
            },
            {
                "outputs": "заполните пропуск",
                "meta": {
                    "id": 372
                }
            },
            {
                "outputs": "удостаивался именно",
                "meta": {
                    "id": 274
                }
            },
            {
                "outputs": "года мужества",
                "meta": {
                    "id": 101
                }
            },
            {
                "outputs": "памятник в",
                "meta": {
                    "id": 358
                }
            },
            {
                "outputs": "столетию эта",
                "meta": {
                    "id": 384
                }
            },
            {
                "outputs": "продуктом ее",
                "meta": {
                    "id": 414
                }
            },
            {
                "outputs": "и в",
                "meta": {
                    "id": 255
                }
            },
            {
                "outputs": "грейтест появилась",
                "meta": {
                    "id": 294
                }
            },
            {
                "outputs": "радио в",
                "meta": {
                    "id": 151
                }
            },
            {
                "outputs": "золота избавился",
                "meta": {
                    "id": 77
                }
            },
            {
                "outputs": "россонери]. периодически",
                "meta": {
                    "id": 5
                }
            },
            {
                "outputs": "всемирно отчаялся",
                "meta": {
                    "id": 337
                }
            },
            {
                "outputs": "герою свою",
                "meta": {
                    "id": 137
                }
            },
            {
                "outputs": "ковенской ковенской",
                "meta": {
                    "id": 189
                }
            },
            {
                "outputs": "удалось в",
                "meta": {
                    "id": 168
                }
            },
            {
                "outputs": "на в",
                "meta": {
                    "id": 395
                }
            },
            {
                "outputs": "году в",
                "meta": {
                    "id": 276
                }
            },
            {
                "outputs": "сразу площадке",
                "meta": {
                    "id": 16
                }
            },
            {
                "outputs": "стиху и",
                "meta": {
                    "id": 191
                }
            },
            {
                "outputs": "режиссера положениям",
                "meta": {
                    "id": 141
                }
            },
            {
                "outputs": "пришел, о",
                "meta": {
                    "id": 253
                }
            },
            {
                "outputs": "в или",
                "meta": {
                    "id": 132
                }
            },
            {
                "outputs": "представителей наиболее",
                "meta": {
                    "id": 209
                }
            },
            {
                "outputs": "ночью футбольных",
                "meta": {
                    "id": 334
                }
            },
            {
                "outputs": "корпуса печенья",
                "meta": {
                    "id": 39
                }
            },
            {
                "outputs": "птичка дряни»",
                "meta": {
                    "id": 319
                }
            },
            {
                "outputs": "рабочим писателя",
                "meta": {
                    "id": 18
                }
            },
            {
                "outputs": "округ виргиния,",
                "meta": {
                    "id": 288
                }
            },
            {
                "outputs": "этот него",
                "meta": {
                    "id": 312
                }
            },
            {
                "outputs": "девочек года",
                "meta": {
                    "id": 122
                }
            },
            {
                "outputs": "направлению в",
                "meta": {
                    "id": 36
                }
            },
            {
                "outputs": "японцами, удивлённо",
                "meta": {
                    "id": 88
                }
            },
            {
                "outputs": "похожую александр",
                "meta": {
                    "id": 226
                }
            },
            {
                "outputs": "в интервью",
                "meta": {
                    "id": 215
                }
            },
            {
                "outputs": "химическое nh4no3",
                "meta": {
                    "id": 382
                }
            },
            {
                "outputs": "заложения 1960",
                "meta": {
                    "id": 298
                }
            },
            {
                "outputs": "веселый никогда",
                "meta": {
                    "id": 323
                }
            },
            {
                "outputs": "авни, песни,",
                "meta": {
                    "id": 183
                }
            },
            {
                "outputs": "культуры сольный",
                "meta": {
                    "id": 89
                }
            },
            {
                "outputs": "в научных",
                "meta": {
                    "id": 162
                }
            },
            {
                "outputs": "в описывается",
                "meta": {
                    "id": 203
                }
            },
            {
                "outputs": "творчество какого",
                "meta": {
                    "id": 216
                }
            },
            {
                "outputs": "в написала",
                "meta": {
                    "id": 328
                }
            },
            {
                "outputs": "встречной великобритании,",
                "meta": {
                    "id": 136
                }
            },
            {
                "outputs": "тем слабо.",
                "meta": {
                    "id": 181
                }
            },
            {
                "outputs": "годов иллюзия»",
                "meta": {
                    "id": 213
                }
            },
            {
                "outputs": "шотландии, части",
                "meta": {
                    "id": 72
                }
            },
            {
                "outputs": "концерт года",
                "meta": {
                    "id": 80
                }
            },
            {
                "outputs": "лютоволка, так",
                "meta": {
                    "id": 404
                }
            },
            {
                "outputs": "от происходит",
                "meta": {
                    "id": 329
                }
            },
            {
                "outputs": "основном лет,",
                "meta": {
                    "id": 393
                }
            },
            {
                "outputs": "среду можете",
                "meta": {
                    "id": 94
                }
            },
            {
                "outputs": "кашель окуджава",
                "meta": {
                    "id": 97
                }
            },
            {
                "outputs": "мелодии мелодии",
                "meta": {
                    "id": 142
                }
            },
            {
                "outputs": "исполнил когда-то",
                "meta": {
                    "id": 244
                }
            },
            {
                "outputs": "из мире",
                "meta": {
                    "id": 291
                }
            },
            {
                "outputs": "него переводе",
                "meta": {
                    "id": 157
                }
            },
            {
                "outputs": "металла соединений",
                "meta": {
                    "id": 292
                }
            },
            {
                "outputs": "был –",
                "meta": {
                    "id": 311
                }
            },
            {
                "outputs": "обнаружили в",
                "meta": {
                    "id": 335
                }
            },
            {
                "outputs": "все что",
                "meta": {
                    "id": 237
                }
            },
            {
                "outputs": "обрела была",
                "meta": {
                    "id": 277
                }
            },
            {
                "outputs": "- баскет»",
                "meta": {
                    "id": 128
                }
            },
            {
                "outputs": "свет лунный",
                "meta": {
                    "id": 44
                }
            },
            {
                "outputs": "почти ответ",
                "meta": {
                    "id": 220
                }
            },
            {
                "outputs": "комик, известен",
                "meta": {
                    "id": 111
                }
            },
            {
                "outputs": "социализма часть",
                "meta": {
                    "id": 127
                }
            },
            {
                "outputs": "олимпийским рыбный",
                "meta": {
                    "id": 143
                }
            },
            {
                "outputs": "выступил 5:",
                "meta": {
                    "id": 408
                }
            },
            {
                "outputs": "я я",
                "meta": {
                    "id": 346
                }
            },
            {
                "outputs": "лютоволков северный",
                "meta": {
                    "id": 242
                }
            },
            {
                "outputs": "ярким «нет,",
                "meta": {
                    "id": 240
                }
            },
            {
                "outputs": "стас рейтинг",
                "meta": {
                    "id": 318
                }
            },
            {
                "outputs": "рейтинга заподозрили",
                "meta": {
                    "id": 148
                }
            },
            {
                "outputs": "2021 джорджа",
                "meta": {
                    "id": 235
                }
            },
            {
                "outputs": "екатеринбурге в",
                "meta": {
                    "id": 283
                }
            },
            {
                "outputs": "тренером тренером",
                "meta": {
                    "id": 140
                }
            },
            {
                "outputs": "выведена порода",
                "meta": {
                    "id": 405
                }
            },
            {
                "outputs": "названа честь",
                "meta": {
                    "id": 342
                }
            },
            {
                "outputs": "во us”",
                "meta": {
                    "id": 407
                }
            },
            {
                "outputs": "дакоты. штат",
                "meta": {
                    "id": 273
                }
            },
            {
                "outputs": "произошёл клубе",
                "meta": {
                    "id": 115
                }
            },
            {
                "outputs": "монеточки клип",
                "meta": {
                    "id": 30
                }
            },
            {
                "outputs": "героям-мальчикам собирает",
                "meta": {
                    "id": 165
                }
            },
            {
                "outputs": "позаимствовал стейнбек",
                "meta": {
                    "id": 14
                }
            },
            {
                "outputs": "этот 100",
                "meta": {
                    "id": 398
                }
            },
            {
                "outputs": "альбом\"), деле",
                "meta": {
                    "id": 224
                }
            },
            {
                "outputs": "легенды» рыцарь:",
                "meta": {
                    "id": 198
                }
            },
            {
                "outputs": "в анималистическая",
                "meta": {
                    "id": 392
                }
            },
            {
                "outputs": "группе студентов,",
                "meta": {
                    "id": 251
                }
            },
            {
                "outputs": "«бродячая был",
                "meta": {
                    "id": 147
                }
            },
            {
                "outputs": "пушкин. дондукова-корсакова",
                "meta": {
                    "id": 126
                }
            },
            {
                "outputs": "также «игра",
                "meta": {
                    "id": 56
                }
            },
            {
                "outputs": "творчество оператором",
                "meta": {
                    "id": 193
                }
            },
            {
                "outputs": "сезона из",
                "meta": {
                    "id": 114
                }
            },
            {
                "outputs": "к основу",
                "meta": {
                    "id": 86
                }
            },
            {
                "outputs": "во мост",
                "meta": {
                    "id": 373
                }
            },
            {
                "outputs": "университета. чемпионкой",
                "meta": {
                    "id": 387
                }
            },
            {
                "outputs": "и воспитанниц",
                "meta": {
                    "id": 50
                }
            },
            {
                "outputs": "для выбор",
                "meta": {
                    "id": 236
                }
            },
            {
                "outputs": "в игры",
                "meta": {
                    "id": 252
                }
            },
            {
                "outputs": "а в",
                "meta": {
                    "id": 239
                }
            },
            {
                "outputs": "«мыльной её",
                "meta": {
                    "id": 82
                }
            },
            {
                "outputs": "250 это",
                "meta": {
                    "id": 286
                }
            },
            {
                "outputs": "создана linden",
                "meta": {
                    "id": 208
                }
            },
            {
                "outputs": "мифологии пресных",
                "meta": {
                    "id": 222
                }
            },
            {
                "outputs": "основных отстрел",
                "meta": {
                    "id": 170
                }
            },
            {
                "outputs": "появился появился",
                "meta": {
                    "id": 297
                }
            },
            {
                "outputs": "или первого",
                "meta": {
                    "id": 327
                }
            },
            {
                "outputs": "жеки сiрьошки",
                "meta": {
                    "id": 333
                }
            },
            {
                "outputs": "основана виктор",
                "meta": {
                    "id": 112
                }
            },
            {
                "outputs": "года эту",
                "meta": {
                    "id": 64
                }
            },
            {
                "outputs": "поразительно -",
                "meta": {
                    "id": 232
                }
            },
            {
                "outputs": "когда истории",
                "meta": {
                    "id": 160
                }
            },
            {
                "outputs": "одном \"сука-любовь\".",
                "meta": {
                    "id": 161
                }
            },
            {
                "outputs": "фразу вопрос",
                "meta": {
                    "id": 108
                }
            },
            {
                "outputs": "известно известно",
                "meta": {
                    "id": 350
                }
            },
            {
                "outputs": "двоих исполнителей",
                "meta": {
                    "id": 332
                }
            },
            {
                "outputs": "m&m’s m&m’s",
                "meta": {
                    "id": 391
                }
            },
            {
                "outputs": "встреча встреча",
                "meta": {
                    "id": 345
                }
            },
            {
                "outputs": "в саламанки",
                "meta": {
                    "id": 52
                }
            },
            {
                "outputs": "главы традиции",
                "meta": {
                    "id": 174
                }
            },
            {
                "outputs": "ауе ауе",
                "meta": {
                    "id": 354
                }
            },
            {
                "outputs": "свитка ван",
                "meta": {
                    "id": 341
                }
            },
            {
                "outputs": "этот его",
                "meta": {
                    "id": 411
                }
            },
            {
                "outputs": "ветви». их",
                "meta": {
                    "id": 133
                }
            },
            {
                "outputs": "борьбу этот",
                "meta": {
                    "id": 322
                }
            },
            {
                "outputs": "spam spam",
                "meta": {
                    "id": 383
                }
            },
            {
                "outputs": "об является",
                "meta": {
                    "id": 90
                }
            },
            {
                "outputs": "хемингуэй, и",
                "meta": {
                    "id": 107
                }
            },
            {
                "outputs": "проект должен",
                "meta": {
                    "id": 31
                }
            },
            {
                "outputs": "наук инициаторов",
                "meta": {
                    "id": 267
                }
            },
            {
                "outputs": "тарас в",
                "meta": {
                    "id": 238
                }
            },
            {
                "outputs": "что он",
                "meta": {
                    "id": 95
                }
            },
            {
                "outputs": "морриконе ошибки",
                "meta": {
                    "id": 3
                }
            },
            {
                "outputs": "избрана девизом",
                "meta": {
                    "id": 58
                }
            },
            {
                "outputs": "в с",
                "meta": {
                    "id": 163
                }
            },
            {
                "outputs": "которой по",
                "meta": {
                    "id": 37
                }
            },
            {
                "outputs": "роману венском",
                "meta": {
                    "id": 227
                }
            },
            {
                "outputs": "оригами компьютерной",
                "meta": {
                    "id": 214
                }
            },
            {
                "outputs": "всем экспедицию,",
                "meta": {
                    "id": 260
                }
            },
            {
                "outputs": "году появилась",
                "meta": {
                    "id": 177
                }
            },
            {
                "outputs": "на с",
                "meta": {
                    "id": 285
                }
            },
            {
                "outputs": "при насилия,",
                "meta": {
                    "id": 228
                }
            },
            {
                "outputs": "античных выводу,",
                "meta": {
                    "id": 66
                }
            },
            {
                "outputs": "сша девиз",
                "meta": {
                    "id": 59
                }
            },
            {
                "outputs": "придворных. рыцарского",
                "meta": {
                    "id": 60
                }
            },
            {
                "outputs": "минуту заполняют",
                "meta": {
                    "id": 281
                }
            },
            {
                "outputs": "скрывается боги\"",
                "meta": {
                    "id": 93
                }
            },
            {
                "outputs": "вариант вариант",
                "meta": {
                    "id": 201
                }
            },
            {
                "outputs": "квартала фильм",
                "meta": {
                    "id": 289
                }
            },
            {
                "outputs": "а поддерживает",
                "meta": {
                    "id": 401
                }
            },
            {
                "outputs": "образе кристо",
                "meta": {
                    "id": 159
                }
            },
            {
                "outputs": "street влияет",
                "meta": {
                    "id": 307
                }
            },
            {
                "outputs": "она декрета",
                "meta": {
                    "id": 75
                }
            },
            {
                "outputs": "европы. откочевали",
                "meta": {
                    "id": 187
                }
            },
            {
                "outputs": "со любит",
                "meta": {
                    "id": 402
                }
            },
            {
                "outputs": "двух годом!\"",
                "meta": {
                    "id": 194
                }
            },
            {
                "outputs": "популярности что",
                "meta": {
                    "id": 46
                }
            },
            {
                "outputs": "мальчика снова",
                "meta": {
                    "id": 256
                }
            },
            {
                "outputs": "ссыльный и",
                "meta": {
                    "id": 388
                }
            },
            {
                "outputs": "когда когда",
                "meta": {
                    "id": 103
                }
            },
            {
                "outputs": "изображен в",
                "meta": {
                    "id": 109
                }
            },
            {
                "outputs": "i его",
                "meta": {
                    "id": 243
                }
            },
            {
                "outputs": "21 августа",
                "meta": {
                    "id": 12
                }
            },
            {
                "outputs": "заставляющий вышедшей",
                "meta": {
                    "id": 20
                }
            },
            {
                "outputs": "2 принцессой,",
                "meta": {
                    "id": 49
                }
            },
            {
                "outputs": "экранизации до",
                "meta": {
                    "id": 43
                }
            },
            {
                "outputs": "фрг. 1964-ом,",
                "meta": {
                    "id": 55
                }
            },
            {
                "outputs": "английским этом",
                "meta": {
                    "id": 324
                }
            },
            {
                "outputs": "с ингредиент",
                "meta": {
                    "id": 175
                }
            },
            {
                "outputs": "называется эта",
                "meta": {
                    "id": 400
                }
            },
            {
                "outputs": "«мадонна века",
                "meta": {
                    "id": 15
                }
            },
            {
                "outputs": "человек, и",
                "meta": {
                    "id": 370
                }
            },
            {
                "outputs": "уфы нью-йорка",
                "meta": {
                    "id": 270
                }
            },
            {
                "outputs": "в амплуа",
                "meta": {
                    "id": 81
                }
            },
            {
                "outputs": "сезона так",
                "meta": {
                    "id": 295
                }
            },
            {
                "outputs": "так не",
                "meta": {
                    "id": 331
                }
            },
            {
                "outputs": "фильма делись",
                "meta": {
                    "id": 33
                }
            },
            {
                "outputs": "имя героя",
                "meta": {
                    "id": 363
                }
            },
            {
                "outputs": "вокалист компьютерной",
                "meta": {
                    "id": 231
                }
            },
            {
                "outputs": "rofl rofl",
                "meta": {
                    "id": 381
                }
            },
            {
                "outputs": "который как",
                "meta": {
                    "id": 73
                }
            },
            {
                "outputs": "радиостанции. этой",
                "meta": {
                    "id": 264
                }
            },
            {
                "outputs": "жили кизи",
                "meta": {
                    "id": 229
                }
            },
            {
                "outputs": "задержания забавно,",
                "meta": {
                    "id": 116
                }
            },
            {
                "outputs": "в катании.",
                "meta": {
                    "id": 321
                }
            },
            {
                "outputs": "герой герой",
                "meta": {
                    "id": 70
                }
            },
            {
                "outputs": "унижает унижает",
                "meta": {
                    "id": 257
                }
            },
            {
                "outputs": "отправлял рекордные",
                "meta": {
                    "id": 144
                }
            },
            {
                "outputs": "его качестве",
                "meta": {
                    "id": 296
                }
            },
            {
                "outputs": "у войны",
                "meta": {
                    "id": 57
                }
            },
            {
                "outputs": "купорос, купорос,",
                "meta": {
                    "id": 280
                }
            },
            {
                "outputs": "этого время",
                "meta": {
                    "id": 96
                }
            },
            {
                "outputs": "овощных коммуне",
                "meta": {
                    "id": 149
                }
            },
            {
                "outputs": "пожизненной патент",
                "meta": {
                    "id": 275
                }
            },
            {
                "outputs": "не статья",
                "meta": {
                    "id": 197
                }
            },
            {
                "outputs": "библиотеке чудищ...»",
                "meta": {
                    "id": 340
                }
            },
            {
                "outputs": "была харди",
                "meta": {
                    "id": 48
                }
            },
            {
                "outputs": "имя мэлс",
                "meta": {
                    "id": 390
                }
            },
            {
                "outputs": "никакого слово",
                "meta": {
                    "id": 308
                }
            },
            {
                "outputs": "составе продуктов?",
                "meta": {
                    "id": 376
                }
            },
            {
                "outputs": "кристофер-стрит состоялся",
                "meta": {
                    "id": 156
                }
            },
            {
                "outputs": "внешней убит",
                "meta": {
                    "id": 287
                }
            },
            {
                "outputs": "переводе-адаптации переводе-адаптации",
                "meta": {
                    "id": 351
                }
            },
            {
                "outputs": "основанной в",
                "meta": {
                    "id": 412
                }
            },
            {
                "outputs": "также распознавания",
                "meta": {
                    "id": 269
                }
            },
            {
                "outputs": "трех трех",
                "meta": {
                    "id": 410
                }
            },
            {
                "outputs": "парижской “фигаро”,",
                "meta": {
                    "id": 415
                }
            },
            {
                "outputs": "ярославля. орехово-зуева",
                "meta": {
                    "id": 176
                }
            },
            {
                "outputs": "органе канальцы",
                "meta": {
                    "id": 315
                }
            },
            {
                "outputs": "(«человек»). «берит»",
                "meta": {
                    "id": 79
                }
            },
            {
                "outputs": "на был",
                "meta": {
                    "id": 35
                }
            },
            {
                "outputs": "догг), для",
                "meta": {
                    "id": 282
                }
            },
            {
                "outputs": "обитающих тайно",
                "meta": {
                    "id": 413
                }
            },
            {
                "outputs": "мухина. вднх,",
                "meta": {
                    "id": 385
                }
            },
            {
                "outputs": "ибн ибн",
                "meta": {
                    "id": 185
                }
            },
            {
                "outputs": "2012 биографическом",
                "meta": {
                    "id": 134
                }
            },
            {
                "outputs": "тут фильмом",
                "meta": {
                    "id": 166
                }
            },
            {
                "outputs": "для качестве",
                "meta": {
                    "id": 293
                }
            },
            {
                "outputs": "он квантовой",
                "meta": {
                    "id": 378
                }
            },
            {
                "outputs": "«знак году.",
                "meta": {
                    "id": 371
                }
            },
            {
                "outputs": "выпустил 2020",
                "meta": {
                    "id": 172
                }
            },
            {
                "outputs": "не не",
                "meta": {
                    "id": 47
                }
            },
            {
                "outputs": "свой возраст",
                "meta": {
                    "id": 259
                }
            },
            {
                "outputs": "писатель тюмени",
                "meta": {
                    "id": 374
                }
            }
        ]
    }
}