{
    "data": {
        "test": [
            {
                "outputs": "1",
                "meta": {
                    "id": 0
                }
            },
            {
                "outputs": "2",
                "meta": {
                    "id": 1
                }
            },
            {
                "outputs": "1",
                "meta": {
                    "id": 2
                }
            },
            {
                "outputs": "2",
                "meta": {
                    "id": 3
                }
            },
            {
                "outputs": "1",
                "meta": {
                    "id": 4
                }
            },
            {
                "outputs": "1",
                "meta": {
                    "id": 5
                }
            },
            {
                "outputs": "1",
                "meta": {
                    "id": 6
                }
            },
            {
                "outputs": "1",
                "meta": {
                    "id": 7
                }
            },
            {
                "outputs": "1",
                "meta": {
                    "id": 8
                }
            },
            {
                "outputs": "1",
                "meta": {
                    "id": 9
                }
            },
            {
                "outputs": "2",
                "meta": {
                    "id": 10
                }
            },
            {
                "outputs": "2",
                "meta": {
                    "id": 11
                }
            },
            {
                "outputs": "1",
                "meta": {
                    "id": 12
                }
            },
            {
                "outputs": "1",
                "meta": {
                    "id": 13
                }
            },
            {
                "outputs": "2",
                "meta": {
                    "id": 14
                }
            },
            {
                "outputs": "1",
                "meta": {
                    "id": 15
                }
            },
            {
                "outputs": "2",
                "meta": {
                    "id": 16
                }
            },
            {
                "outputs": "1",
                "meta": {
                    "id": 17
                }
            },
            {
                "outputs": "1",
                "meta": {
                    "id": 18
                }
            },
            {
                "outputs": "2",
                "meta": {
                    "id": 19
                }
            },
            {
                "outputs": "2",
                "meta": {
                    "id": 20
                }
            },
            {
                "outputs": "1",
                "meta": {
                    "id": 21
                }
            },
            {
                "outputs": "1",
                "meta": {
                    "id": 22
                }
            },
            {
                "outputs": "1",
                "meta": {
                    "id": 23
                }
            },
            {
                "outputs": "2",
                "meta": {
                    "id": 24
                }
            },
            {
                "outputs": "1",
                "meta": {
                    "id": 25
                }
            },
            {
                "outputs": "2",
                "meta": {
                    "id": 26
                }
            },
            {
                "outputs": "1",
                "meta": {
                    "id": 27
                }
            },
            {
                "outputs": "1",
                "meta": {
                    "id": 28
                }
            },
            {
                "outputs": "2",
                "meta": {
                    "id": 29
                }
            },
            {
                "outputs": "1",
                "meta": {
                    "id": 30
                }
            },
            {
                "outputs": "1",
                "meta": {
                    "id": 31
                }
            },
            {
                "outputs": "2",
                "meta": {
                    "id": 32
                }
            },
            {
                "outputs": "1",
                "meta": {
                    "id": 33
                }
            },
            {
                "outputs": "1",
                "meta": {
                    "id": 34
                }
            },
            {
                "outputs": "1",
                "meta": {
                    "id": 35
                }
            },
            {
                "outputs": "2",
                "meta": {
                    "id": 36
                }
            },
            {
                "outputs": "1",
                "meta": {
                    "id": 37
                }
            },
            {
                "outputs": "2",
                "meta": {
                    "id": 38
                }
            },
            {
                "outputs": "1",
                "meta": {
                    "id": 39
                }
            },
            {
                "outputs": "1",
                "meta": {
                    "id": 40
                }
            },
            {
                "outputs": "1",
                "meta": {
                    "id": 41
                }
            },
            {
                "outputs": "2",
                "meta": {
                    "id": 42
                }
            },
            {
                "outputs": "1",
                "meta": {
                    "id": 43
                }
            },
            {
                "outputs": "1",
                "meta": {
                    "id": 44
                }
            },
            {
                "outputs": "1",
                "meta": {
                    "id": 45
                }
            },
            {
                "outputs": "1",
                "meta": {
                    "id": 46
                }
            },
            {
                "outputs": "1",
                "meta": {
                    "id": 47
                }
            },
            {
                "outputs": "2",
                "meta": {
                    "id": 48
                }
            },
            {
                "outputs": "2",
                "meta": {
                    "id": 49
                }
            },
            {
                "outputs": "2",
                "meta": {
                    "id": 50
                }
            },
            {
                "outputs": "2",
                "meta": {
                    "id": 51
                }
            },
            {
                "outputs": "2",
                "meta": {
                    "id": 52
                }
            },
            {
                "outputs": "2",
                "meta": {
                    "id": 53
                }
            },
            {
                "outputs": "2",
                "meta": {
                    "id": 54
                }
            },
            {
                "outputs": "2",
                "meta": {
                    "id": 55
                }
            },
            {
                "outputs": "2",
                "meta": {
                    "id": 56
                }
            },
            {
                "outputs": "1",
                "meta": {
                    "id": 57
                }
            },
            {
                "outputs": "1",
                "meta": {
                    "id": 58
                }
            },
            {
                "outputs": "2",
                "meta": {
                    "id": 59
                }
            },
            {
                "outputs": "2",
                "meta": {
                    "id": 60
                }
            },
            {
                "outputs": "2",
                "meta": {
                    "id": 61
                }
            },
            {
                "outputs": "1",
                "meta": {
                    "id": 62
                }
            },
            {
                "outputs": "2",
                "meta": {
                    "id": 63
                }
            },
            {
                "outputs": "1",
                "meta": {
                    "id": 64
                }
            },
            {
                "outputs": "1",
                "meta": {
                    "id": 65
                }
            },
            {
                "outputs": "2",
                "meta": {
                    "id": 66
                }
            },
            {
                "outputs": "2",
                "meta": {
                    "id": 67
                }
            },
            {
                "outputs": "2",
                "meta": {
                    "id": 68
                }
            },
            {
                "outputs": "1",
                "meta": {
                    "id": 69
                }
            },
            {
                "outputs": "1",
                "meta": {
                    "id": 70
                }
            },
            {
                "outputs": "2",
                "meta": {
                    "id": 71
                }
            },
            {
                "outputs": "2",
                "meta": {
                    "id": 72
                }
            },
            {
                "outputs": "2",
                "meta": {
                    "id": 73
                }
            },
            {
                "outputs": "1",
                "meta": {
                    "id": 74
                }
            },
            {
                "outputs": "1",
                "meta": {
                    "id": 75
                }
            },
            {
                "outputs": "1",
                "meta": {
                    "id": 76
                }
            },
            {
                "outputs": "1",
                "meta": {
                    "id": 77
                }
            },
            {
                "outputs": "1",
                "meta": {
                    "id": 78
                }
            },
            {
                "outputs": "1",
                "meta": {
                    "id": 79
                }
            },
            {
                "outputs": "2",
                "meta": {
                    "id": 80
                }
            },
            {
                "outputs": "1",
                "meta": {
                    "id": 81
                }
            },
            {
                "outputs": "2",
                "meta": {
                    "id": 82
                }
            },
            {
                "outputs": "2",
                "meta": {
                    "id": 83
                }
            },
            {
                "outputs": "1",
                "meta": {
                    "id": 84
                }
            },
            {
                "outputs": "1",
                "meta": {
                    "id": 85
                }
            },
            {
                "outputs": "1",
                "meta": {
                    "id": 86
                }
            },
            {
                "outputs": "1",
                "meta": {
                    "id": 87
                }
            },
            {
                "outputs": "2",
                "meta": {
                    "id": 88
                }
            },
            {
                "outputs": "1",
                "meta": {
                    "id": 89
                }
            },
            {
                "outputs": "1",
                "meta": {
                    "id": 90
                }
            },
            {
                "outputs": "2",
                "meta": {
                    "id": 91
                }
            },
            {
                "outputs": "1",
                "meta": {
                    "id": 92
                }
            },
            {
                "outputs": "2",
                "meta": {
                    "id": 93
                }
            },
            {
                "outputs": "1",
                "meta": {
                    "id": 94
                }
            },
            {
                "outputs": "1",
                "meta": {
                    "id": 95
                }
            },
            {
                "outputs": "1",
                "meta": {
                    "id": 96
                }
            },
            {
                "outputs": "1",
                "meta": {
                    "id": 97
                }
            },
            {
                "outputs": "1",
                "meta": {
                    "id": 98
                }
            },
            {
                "outputs": "1",
                "meta": {
                    "id": 99
                }
            },
            {
                "outputs": "2",
                "meta": {
                    "id": 100
                }
            },
            {
                "outputs": "1",
                "meta": {
                    "id": 101
                }
            },
            {
                "outputs": "1",
                "meta": {
                    "id": 102
                }
            },
            {
                "outputs": "2",
                "meta": {
                    "id": 103
                }
            },
            {
                "outputs": "1",
                "meta": {
                    "id": 104
                }
            },
            {
                "outputs": "2",
                "meta": {
                    "id": 105
                }
            },
            {
                "outputs": "1",
                "meta": {
                    "id": 106
                }
            },
            {
                "outputs": "1",
                "meta": {
                    "id": 107
                }
            },
            {
                "outputs": "2",
                "meta": {
                    "id": 108
                }
            },
            {
                "outputs": "1",
                "meta": {
                    "id": 109
                }
            },
            {
                "outputs": "1",
                "meta": {
                    "id": 110
                }
            },
            {
                "outputs": "2",
                "meta": {
                    "id": 111
                }
            },
            {
                "outputs": "2",
                "meta": {
                    "id": 112
                }
            },
            {
                "outputs": "1",
                "meta": {
                    "id": 113
                }
            },
            {
                "outputs": "2",
                "meta": {
                    "id": 114
                }
            },
            {
                "outputs": "1",
                "meta": {
                    "id": 115
                }
            },
            {
                "outputs": "2",
                "meta": {
                    "id": 116
                }
            },
            {
                "outputs": "2",
                "meta": {
                    "id": 117
                }
            },
            {
                "outputs": "2",
                "meta": {
                    "id": 118
                }
            },
            {
                "outputs": "2",
                "meta": {
                    "id": 119
                }
            },
            {
                "outputs": "1",
                "meta": {
                    "id": 120
                }
            },
            {
                "outputs": "1",
                "meta": {
                    "id": 121
                }
            },
            {
                "outputs": "1",
                "meta": {
                    "id": 122
                }
            },
            {
                "outputs": "1",
                "meta": {
                    "id": 123
                }
            },
            {
                "outputs": "2",
                "meta": {
                    "id": 124
                }
            },
            {
                "outputs": "1",
                "meta": {
                    "id": 125
                }
            },
            {
                "outputs": "2",
                "meta": {
                    "id": 126
                }
            },
            {
                "outputs": "1",
                "meta": {
                    "id": 127
                }
            },
            {
                "outputs": "2",
                "meta": {
                    "id": 128
                }
            },
            {
                "outputs": "2",
                "meta": {
                    "id": 129
                }
            },
            {
                "outputs": "1",
                "meta": {
                    "id": 130
                }
            },
            {
                "outputs": "2",
                "meta": {
                    "id": 131
                }
            },
            {
                "outputs": "1",
                "meta": {
                    "id": 132
                }
            },
            {
                "outputs": "1",
                "meta": {
                    "id": 133
                }
            },
            {
                "outputs": "1",
                "meta": {
                    "id": 134
                }
            },
            {
                "outputs": "1",
                "meta": {
                    "id": 135
                }
            },
            {
                "outputs": "1",
                "meta": {
                    "id": 136
                }
            },
            {
                "outputs": "2",
                "meta": {
                    "id": 137
                }
            },
            {
                "outputs": "2",
                "meta": {
                    "id": 138
                }
            },
            {
                "outputs": "2",
                "meta": {
                    "id": 139
                }
            },
            {
                "outputs": "1",
                "meta": {
                    "id": 140
                }
            },
            {
                "outputs": "2",
                "meta": {
                    "id": 141
                }
            },
            {
                "outputs": "2",
                "meta": {
                    "id": 142
                }
            },
            {
                "outputs": "2",
                "meta": {
                    "id": 143
                }
            },
            {
                "outputs": "1",
                "meta": {
                    "id": 144
                }
            },
            {
                "outputs": "2",
                "meta": {
                    "id": 145
                }
            },
            {
                "outputs": "2",
                "meta": {
                    "id": 146
                }
            },
            {
                "outputs": "2",
                "meta": {
                    "id": 147
                }
            },
            {
                "outputs": "2",
                "meta": {
                    "id": 148
                }
            },
            {
                "outputs": "2",
                "meta": {
                    "id": 149
                }
            },
            {
                "outputs": "1",
                "meta": {
                    "id": 150
                }
            },
            {
                "outputs": "2",
                "meta": {
                    "id": 151
                }
            },
            {
                "outputs": "1",
                "meta": {
                    "id": 152
                }
            },
            {
                "outputs": "1",
                "meta": {
                    "id": 153
                }
            },
            {
                "outputs": "1",
                "meta": {
                    "id": 154
                }
            },
            {
                "outputs": "1",
                "meta": {
                    "id": 155
                }
            },
            {
                "outputs": "1",
                "meta": {
                    "id": 156
                }
            },
            {
                "outputs": "2",
                "meta": {
                    "id": 157
                }
            },
            {
                "outputs": "1",
                "meta": {
                    "id": 158
                }
            },
            {
                "outputs": "1",
                "meta": {
                    "id": 159
                }
            },
            {
                "outputs": "1",
                "meta": {
                    "id": 160
                }
            },
            {
                "outputs": "2",
                "meta": {
                    "id": 161
                }
            },
            {
                "outputs": "1",
                "meta": {
                    "id": 162
                }
            },
            {
                "outputs": "2",
                "meta": {
                    "id": 163
                }
            },
            {
                "outputs": "2",
                "meta": {
                    "id": 164
                }
            },
            {
                "outputs": "2",
                "meta": {
                    "id": 165
                }
            },
            {
                "outputs": "1",
                "meta": {
                    "id": 166
                }
            },
            {
                "outputs": "2",
                "meta": {
                    "id": 167
                }
            },
            {
                "outputs": "2",
                "meta": {
                    "id": 168
                }
            },
            {
                "outputs": "2",
                "meta": {
                    "id": 169
                }
            },
            {
                "outputs": "2",
                "meta": {
                    "id": 170
                }
            },
            {
                "outputs": "2",
                "meta": {
                    "id": 171
                }
            },
            {
                "outputs": "1",
                "meta": {
                    "id": 172
                }
            },
            {
                "outputs": "2",
                "meta": {
                    "id": 173
                }
            },
            {
                "outputs": "2",
                "meta": {
                    "id": 174
                }
            },
            {
                "outputs": "2",
                "meta": {
                    "id": 175
                }
            },
            {
                "outputs": "1",
                "meta": {
                    "id": 176
                }
            },
            {
                "outputs": "1",
                "meta": {
                    "id": 177
                }
            },
            {
                "outputs": "1",
                "meta": {
                    "id": 178
                }
            },
            {
                "outputs": "2",
                "meta": {
                    "id": 179
                }
            },
            {
                "outputs": "1",
                "meta": {
                    "id": 180
                }
            },
            {
                "outputs": "1",
                "meta": {
                    "id": 181
                }
            },
            {
                "outputs": "2",
                "meta": {
                    "id": 182
                }
            },
            {
                "outputs": "1",
                "meta": {
                    "id": 183
                }
            },
            {
                "outputs": "1",
                "meta": {
                    "id": 184
                }
            },
            {
                "outputs": "2",
                "meta": {
                    "id": 185
                }
            },
            {
                "outputs": "1",
                "meta": {
                    "id": 186
                }
            },
            {
                "outputs": "2",
                "meta": {
                    "id": 187
                }
            },
            {
                "outputs": "1",
                "meta": {
                    "id": 188
                }
            },
            {
                "outputs": "2",
                "meta": {
                    "id": 189
                }
            },
            {
                "outputs": "2",
                "meta": {
                    "id": 190
                }
            },
            {
                "outputs": "1",
                "meta": {
                    "id": 191
                }
            },
            {
                "outputs": "2",
                "meta": {
                    "id": 192
                }
            },
            {
                "outputs": "2",
                "meta": {
                    "id": 193
                }
            },
            {
                "outputs": "2",
                "meta": {
                    "id": 194
                }
            },
            {
                "outputs": "2",
                "meta": {
                    "id": 195
                }
            },
            {
                "outputs": "2",
                "meta": {
                    "id": 196
                }
            },
            {
                "outputs": "1",
                "meta": {
                    "id": 197
                }
            },
            {
                "outputs": "2",
                "meta": {
                    "id": 198
                }
            },
            {
                "outputs": "2",
                "meta": {
                    "id": 199
                }
            },
            {
                "outputs": "1",
                "meta": {
                    "id": 200
                }
            },
            {
                "outputs": "1",
                "meta": {
                    "id": 201
                }
            },
            {
                "outputs": "1",
                "meta": {
                    "id": 202
                }
            },
            {
                "outputs": "2",
                "meta": {
                    "id": 203
                }
            },
            {
                "outputs": "2",
                "meta": {
                    "id": 204
                }
            },
            {
                "outputs": "1",
                "meta": {
                    "id": 205
                }
            },
            {
                "outputs": "2",
                "meta": {
                    "id": 206
                }
            },
            {
                "outputs": "1",
                "meta": {
                    "id": 207
                }
            },
            {
                "outputs": "1",
                "meta": {
                    "id": 208
                }
            },
            {
                "outputs": "1",
                "meta": {
                    "id": 209
                }
            },
            {
                "outputs": "2",
                "meta": {
                    "id": 210
                }
            },
            {
                "outputs": "2",
                "meta": {
                    "id": 211
                }
            },
            {
                "outputs": "1",
                "meta": {
                    "id": 212
                }
            },
            {
                "outputs": "1",
                "meta": {
                    "id": 213
                }
            },
            {
                "outputs": "2",
                "meta": {
                    "id": 214
                }
            },
            {
                "outputs": "2",
                "meta": {
                    "id": 215
                }
            },
            {
                "outputs": "2",
                "meta": {
                    "id": 216
                }
            },
            {
                "outputs": "1",
                "meta": {
                    "id": 217
                }
            },
            {
                "outputs": "2",
                "meta": {
                    "id": 218
                }
            },
            {
                "outputs": "1",
                "meta": {
                    "id": 219
                }
            },
            {
                "outputs": "1",
                "meta": {
                    "id": 220
                }
            },
            {
                "outputs": "1",
                "meta": {
                    "id": 221
                }
            },
            {
                "outputs": "2",
                "meta": {
                    "id": 222
                }
            },
            {
                "outputs": "2",
                "meta": {
                    "id": 223
                }
            },
            {
                "outputs": "2",
                "meta": {
                    "id": 224
                }
            },
            {
                "outputs": "2",
                "meta": {
                    "id": 225
                }
            },
            {
                "outputs": "2",
                "meta": {
                    "id": 226
                }
            },
            {
                "outputs": "2",
                "meta": {
                    "id": 227
                }
            },
            {
                "outputs": "2",
                "meta": {
                    "id": 228
                }
            },
            {
                "outputs": "2",
                "meta": {
                    "id": 229
                }
            },
            {
                "outputs": "1",
                "meta": {
                    "id": 230
                }
            },
            {
                "outputs": "2",
                "meta": {
                    "id": 231
                }
            },
            {
                "outputs": "2",
                "meta": {
                    "id": 232
                }
            },
            {
                "outputs": "1",
                "meta": {
                    "id": 233
                }
            },
            {
                "outputs": "2",
                "meta": {
                    "id": 234
                }
            },
            {
                "outputs": "2",
                "meta": {
                    "id": 235
                }
            },
            {
                "outputs": "1",
                "meta": {
                    "id": 236
                }
            },
            {
                "outputs": "1",
                "meta": {
                    "id": 237
                }
            },
            {
                "outputs": "1",
                "meta": {
                    "id": 238
                }
            },
            {
                "outputs": "2",
                "meta": {
                    "id": 239
                }
            },
            {
                "outputs": "2",
                "meta": {
                    "id": 240
                }
            },
            {
                "outputs": "1",
                "meta": {
                    "id": 241
                }
            },
            {
                "outputs": "2",
                "meta": {
                    "id": 242
                }
            },
            {
                "outputs": "2",
                "meta": {
                    "id": 243
                }
            },
            {
                "outputs": "2",
                "meta": {
                    "id": 244
                }
            },
            {
                "outputs": "1",
                "meta": {
                    "id": 245
                }
            },
            {
                "outputs": "2",
                "meta": {
                    "id": 246
                }
            },
            {
                "outputs": "2",
                "meta": {
                    "id": 247
                }
            },
            {
                "outputs": "1",
                "meta": {
                    "id": 248
                }
            },
            {
                "outputs": "1",
                "meta": {
                    "id": 249
                }
            },
            {
                "outputs": "2",
                "meta": {
                    "id": 250
                }
            },
            {
                "outputs": "2",
                "meta": {
                    "id": 251
                }
            },
            {
                "outputs": "2",
                "meta": {
                    "id": 252
                }
            },
            {
                "outputs": "1",
                "meta": {
                    "id": 253
                }
            },
            {
                "outputs": "1",
                "meta": {
                    "id": 254
                }
            },
            {
                "outputs": "2",
                "meta": {
                    "id": 255
                }
            },
            {
                "outputs": "2",
                "meta": {
                    "id": 256
                }
            },
            {
                "outputs": "2",
                "meta": {
                    "id": 257
                }
            },
            {
                "outputs": "1",
                "meta": {
                    "id": 258
                }
            },
            {
                "outputs": "1",
                "meta": {
                    "id": 259
                }
            },
            {
                "outputs": "2",
                "meta": {
                    "id": 260
                }
            },
            {
                "outputs": "1",
                "meta": {
                    "id": 261
                }
            },
            {
                "outputs": "2",
                "meta": {
                    "id": 262
                }
            },
            {
                "outputs": "1",
                "meta": {
                    "id": 263
                }
            },
            {
                "outputs": "1",
                "meta": {
                    "id": 264
                }
            },
            {
                "outputs": "2",
                "meta": {
                    "id": 265
                }
            },
            {
                "outputs": "1",
                "meta": {
                    "id": 266
                }
            },
            {
                "outputs": "2",
                "meta": {
                    "id": 267
                }
            },
            {
                "outputs": "1",
                "meta": {
                    "id": 268
                }
            },
            {
                "outputs": "2",
                "meta": {
                    "id": 269
                }
            },
            {
                "outputs": "1",
                "meta": {
                    "id": 270
                }
            },
            {
                "outputs": "1",
                "meta": {
                    "id": 271
                }
            },
            {
                "outputs": "2",
                "meta": {
                    "id": 272
                }
            },
            {
                "outputs": "1",
                "meta": {
                    "id": 273
                }
            },
            {
                "outputs": "2",
                "meta": {
                    "id": 274
                }
            },
            {
                "outputs": "2",
                "meta": {
                    "id": 275
                }
            },
            {
                "outputs": "1",
                "meta": {
                    "id": 276
                }
            },
            {
                "outputs": "1",
                "meta": {
                    "id": 277
                }
            },
            {
                "outputs": "2",
                "meta": {
                    "id": 278
                }
            },
            {
                "outputs": "1",
                "meta": {
                    "id": 279
                }
            },
            {
                "outputs": "2",
                "meta": {
                    "id": 280
                }
            },
            {
                "outputs": "1",
                "meta": {
                    "id": 281
                }
            },
            {
                "outputs": "2",
                "meta": {
                    "id": 282
                }
            },
            {
                "outputs": "2",
                "meta": {
                    "id": 283
                }
            },
            {
                "outputs": "1",
                "meta": {
                    "id": 284
                }
            },
            {
                "outputs": "2",
                "meta": {
                    "id": 285
                }
            },
            {
                "outputs": "2",
                "meta": {
                    "id": 286
                }
            },
            {
                "outputs": "1",
                "meta": {
                    "id": 287
                }
            },
            {
                "outputs": "2",
                "meta": {
                    "id": 288
                }
            },
            {
                "outputs": "2",
                "meta": {
                    "id": 289
                }
            },
            {
                "outputs": "1",
                "meta": {
                    "id": 290
                }
            },
            {
                "outputs": "2",
                "meta": {
                    "id": 291
                }
            },
            {
                "outputs": "2",
                "meta": {
                    "id": 292
                }
            },
            {
                "outputs": "2",
                "meta": {
                    "id": 293
                }
            },
            {
                "outputs": "2",
                "meta": {
                    "id": 294
                }
            },
            {
                "outputs": "1",
                "meta": {
                    "id": 295
                }
            },
            {
                "outputs": "1",
                "meta": {
                    "id": 296
                }
            },
            {
                "outputs": "2",
                "meta": {
                    "id": 297
                }
            },
            {
                "outputs": "2",
                "meta": {
                    "id": 298
                }
            },
            {
                "outputs": "2",
                "meta": {
                    "id": 299
                }
            },
            {
                "outputs": "1",
                "meta": {
                    "id": 300
                }
            },
            {
                "outputs": "2",
                "meta": {
                    "id": 301
                }
            },
            {
                "outputs": "1",
                "meta": {
                    "id": 302
                }
            },
            {
                "outputs": "1",
                "meta": {
                    "id": 303
                }
            },
            {
                "outputs": "1",
                "meta": {
                    "id": 304
                }
            },
            {
                "outputs": "1",
                "meta": {
                    "id": 305
                }
            },
            {
                "outputs": "2",
                "meta": {
                    "id": 306
                }
            },
            {
                "outputs": "1",
                "meta": {
                    "id": 307
                }
            },
            {
                "outputs": "1",
                "meta": {
                    "id": 308
                }
            },
            {
                "outputs": "2",
                "meta": {
                    "id": 309
                }
            },
            {
                "outputs": "1",
                "meta": {
                    "id": 310
                }
            },
            {
                "outputs": "2",
                "meta": {
                    "id": 311
                }
            },
            {
                "outputs": "2",
                "meta": {
                    "id": 312
                }
            },
            {
                "outputs": "2",
                "meta": {
                    "id": 313
                }
            },
            {
                "outputs": "1",
                "meta": {
                    "id": 314
                }
            },
            {
                "outputs": "1",
                "meta": {
                    "id": 315
                }
            },
            {
                "outputs": "1",
                "meta": {
                    "id": 316
                }
            },
            {
                "outputs": "1",
                "meta": {
                    "id": 317
                }
            },
            {
                "outputs": "1",
                "meta": {
                    "id": 318
                }
            },
            {
                "outputs": "2",
                "meta": {
                    "id": 319
                }
            },
            {
                "outputs": "2",
                "meta": {
                    "id": 320
                }
            },
            {
                "outputs": "2",
                "meta": {
                    "id": 321
                }
            },
            {
                "outputs": "2",
                "meta": {
                    "id": 322
                }
            },
            {
                "outputs": "2",
                "meta": {
                    "id": 323
                }
            },
            {
                "outputs": "1",
                "meta": {
                    "id": 324
                }
            },
            {
                "outputs": "2",
                "meta": {
                    "id": 325
                }
            },
            {
                "outputs": "1",
                "meta": {
                    "id": 326
                }
            },
            {
                "outputs": "1",
                "meta": {
                    "id": 327
                }
            },
            {
                "outputs": "2",
                "meta": {
                    "id": 328
                }
            },
            {
                "outputs": "2",
                "meta": {
                    "id": 329
                }
            },
            {
                "outputs": "2",
                "meta": {
                    "id": 330
                }
            },
            {
                "outputs": "2",
                "meta": {
                    "id": 331
                }
            },
            {
                "outputs": "2",
                "meta": {
                    "id": 332
                }
            },
            {
                "outputs": "1",
                "meta": {
                    "id": 333
                }
            },
            {
                "outputs": "1",
                "meta": {
                    "id": 334
                }
            },
            {
                "outputs": "1",
                "meta": {
                    "id": 335
                }
            },
            {
                "outputs": "1",
                "meta": {
                    "id": 336
                }
            },
            {
                "outputs": "2",
                "meta": {
                    "id": 337
                }
            },
            {
                "outputs": "1",
                "meta": {
                    "id": 338
                }
            },
            {
                "outputs": "1",
                "meta": {
                    "id": 339
                }
            },
            {
                "outputs": "1",
                "meta": {
                    "id": 340
                }
            },
            {
                "outputs": "2",
                "meta": {
                    "id": 341
                }
            },
            {
                "outputs": "2",
                "meta": {
                    "id": 342
                }
            },
            {
                "outputs": "1",
                "meta": {
                    "id": 343
                }
            },
            {
                "outputs": "2",
                "meta": {
                    "id": 344
                }
            },
            {
                "outputs": "2",
                "meta": {
                    "id": 345
                }
            },
            {
                "outputs": "2",
                "meta": {
                    "id": 346
                }
            },
            {
                "outputs": "1",
                "meta": {
                    "id": 347
                }
            },
            {
                "outputs": "2",
                "meta": {
                    "id": 348
                }
            },
            {
                "outputs": "1",
                "meta": {
                    "id": 349
                }
            },
            {
                "outputs": "2",
                "meta": {
                    "id": 350
                }
            },
            {
                "outputs": "2",
                "meta": {
                    "id": 351
                }
            },
            {
                "outputs": "2",
                "meta": {
                    "id": 352
                }
            },
            {
                "outputs": "1",
                "meta": {
                    "id": 353
                }
            },
            {
                "outputs": "1",
                "meta": {
                    "id": 354
                }
            },
            {
                "outputs": "2",
                "meta": {
                    "id": 355
                }
            },
            {
                "outputs": "1",
                "meta": {
                    "id": 356
                }
            },
            {
                "outputs": "2",
                "meta": {
                    "id": 357
                }
            },
            {
                "outputs": "1",
                "meta": {
                    "id": 358
                }
            },
            {
                "outputs": "2",
                "meta": {
                    "id": 359
                }
            },
            {
                "outputs": "1",
                "meta": {
                    "id": 360
                }
            },
            {
                "outputs": "1",
                "meta": {
                    "id": 361
                }
            },
            {
                "outputs": "1",
                "meta": {
                    "id": 362
                }
            },
            {
                "outputs": "1",
                "meta": {
                    "id": 363
                }
            },
            {
                "outputs": "1",
                "meta": {
                    "id": 364
                }
            },
            {
                "outputs": "2",
                "meta": {
                    "id": 365
                }
            },
            {
                "outputs": "2",
                "meta": {
                    "id": 366
                }
            },
            {
                "outputs": "1",
                "meta": {
                    "id": 367
                }
            },
            {
                "outputs": "2",
                "meta": {
                    "id": 368
                }
            },
            {
                "outputs": "2",
                "meta": {
                    "id": 369
                }
            },
            {
                "outputs": "2",
                "meta": {
                    "id": 370
                }
            },
            {
                "outputs": "2",
                "meta": {
                    "id": 371
                }
            },
            {
                "outputs": "1",
                "meta": {
                    "id": 372
                }
            },
            {
                "outputs": "1",
                "meta": {
                    "id": 373
                }
            },
            {
                "outputs": "2",
                "meta": {
                    "id": 374
                }
            },
            {
                "outputs": "2",
                "meta": {
                    "id": 375
                }
            },
            {
                "outputs": "1",
                "meta": {
                    "id": 376
                }
            },
            {
                "outputs": "1",
                "meta": {
                    "id": 377
                }
            },
            {
                "outputs": "1",
                "meta": {
                    "id": 378
                }
            },
            {
                "outputs": "2",
                "meta": {
                    "id": 379
                }
            },
            {
                "outputs": "2",
                "meta": {
                    "id": 380
                }
            },
            {
                "outputs": "1",
                "meta": {
                    "id": 381
                }
            },
            {
                "outputs": "2",
                "meta": {
                    "id": 382
                }
            },
            {
                "outputs": "2",
                "meta": {
                    "id": 383
                }
            },
            {
                "outputs": "1",
                "meta": {
                    "id": 384
                }
            },
            {
                "outputs": "2",
                "meta": {
                    "id": 385
                }
            },
            {
                "outputs": "1",
                "meta": {
                    "id": 386
                }
            },
            {
                "outputs": "2",
                "meta": {
                    "id": 387
                }
            },
            {
                "outputs": "1",
                "meta": {
                    "id": 388
                }
            },
            {
                "outputs": "2",
                "meta": {
                    "id": 389
                }
            },
            {
                "outputs": "2",
                "meta": {
                    "id": 390
                }
            },
            {
                "outputs": "1",
                "meta": {
                    "id": 391
                }
            },
            {
                "outputs": "2",
                "meta": {
                    "id": 392
                }
            },
            {
                "outputs": "1",
                "meta": {
                    "id": 393
                }
            },
            {
                "outputs": "1",
                "meta": {
                    "id": 394
                }
            },
            {
                "outputs": "2",
                "meta": {
                    "id": 395
                }
            },
            {
                "outputs": "1",
                "meta": {
                    "id": 396
                }
            },
            {
                "outputs": "1",
                "meta": {
                    "id": 397
                }
            },
            {
                "outputs": "1",
                "meta": {
                    "id": 398
                }
            },
            {
                "outputs": "1",
                "meta": {
                    "id": 399
                }
            },
            {
                "outputs": "2",
                "meta": {
                    "id": 400
                }
            },
            {
                "outputs": "1",
                "meta": {
                    "id": 401
                }
            },
            {
                "outputs": "1",
                "meta": {
                    "id": 402
                }
            },
            {
                "outputs": "1",
                "meta": {
                    "id": 403
                }
            },
            {
                "outputs": "1",
                "meta": {
                    "id": 404
                }
            },
            {
                "outputs": "1",
                "meta": {
                    "id": 405
                }
            },
            {
                "outputs": "2",
                "meta": {
                    "id": 406
                }
            },
            {
                "outputs": "2",
                "meta": {
                    "id": 407
                }
            },
            {
                "outputs": "1",
                "meta": {
                    "id": 408
                }
            },
            {
                "outputs": "2",
                "meta": {
                    "id": 409
                }
            },
            {
                "outputs": "1",
                "meta": {
                    "id": 410
                }
            },
            {
                "outputs": "1",
                "meta": {
                    "id": 411
                }
            },
            {
                "outputs": "2",
                "meta": {
                    "id": 412
                }
            },
            {
                "outputs": "1",
                "meta": {
                    "id": 413
                }
            },
            {
                "outputs": "1",
                "meta": {
                    "id": 414
                }
            },
            {
                "outputs": "1",
                "meta": {
                    "id": 415
                }
            },
            {
                "outputs": "1",
                "meta": {
                    "id": 416
                }
            },
            {
                "outputs": "2",
                "meta": {
                    "id": 417
                }
            },
            {
                "outputs": "1",
                "meta": {
                    "id": 418
                }
            },
            {
                "outputs": "2",
                "meta": {
                    "id": 419
                }
            },
            {
                "outputs": "2",
                "meta": {
                    "id": 420
                }
            },
            {
                "outputs": "1",
                "meta": {
                    "id": 421
                }
            },
            {
                "outputs": "2",
                "meta": {
                    "id": 422
                }
            },
            {
                "outputs": "2",
                "meta": {
                    "id": 423
                }
            },
            {
                "outputs": "1",
                "meta": {
                    "id": 424
                }
            },
            {
                "outputs": "2",
                "meta": {
                    "id": 425
                }
            },
            {
                "outputs": "1",
                "meta": {
                    "id": 426
                }
            },
            {
                "outputs": "1",
                "meta": {
                    "id": 427
                }
            },
            {
                "outputs": "1",
                "meta": {
                    "id": 428
                }
            },
            {
                "outputs": "2",
                "meta": {
                    "id": 429
                }
            },
            {
                "outputs": "2",
                "meta": {
                    "id": 430
                }
            },
            {
                "outputs": "2",
                "meta": {
                    "id": 431
                }
            },
            {
                "outputs": "2",
                "meta": {
                    "id": 432
                }
            },
            {
                "outputs": "1",
                "meta": {
                    "id": 433
                }
            },
            {
                "outputs": "1",
                "meta": {
                    "id": 434
                }
            },
            {
                "outputs": "2",
                "meta": {
                    "id": 435
                }
            },
            {
                "outputs": "2",
                "meta": {
                    "id": 436
                }
            },
            {
                "outputs": "2",
                "meta": {
                    "id": 437
                }
            },
            {
                "outputs": "1",
                "meta": {
                    "id": 438
                }
            },
            {
                "outputs": "1",
                "meta": {
                    "id": 439
                }
            },
            {
                "outputs": "2",
                "meta": {
                    "id": 440
                }
            },
            {
                "outputs": "1",
                "meta": {
                    "id": 441
                }
            },
            {
                "outputs": "2",
                "meta": {
                    "id": 442
                }
            },
            {
                "outputs": "1",
                "meta": {
                    "id": 443
                }
            },
            {
                "outputs": "2",
                "meta": {
                    "id": 444
                }
            },
            {
                "outputs": "1",
                "meta": {
                    "id": 445
                }
            },
            {
                "outputs": "2",
                "meta": {
                    "id": 446
                }
            },
            {
                "outputs": "2",
                "meta": {
                    "id": 447
                }
            },
            {
                "outputs": "2",
                "meta": {
                    "id": 448
                }
            },
            {
                "outputs": "1",
                "meta": {
                    "id": 449
                }
            },
            {
                "outputs": "1",
                "meta": {
                    "id": 450
                }
            },
            {
                "outputs": "2",
                "meta": {
                    "id": 451
                }
            },
            {
                "outputs": "2",
                "meta": {
                    "id": 452
                }
            },
            {
                "outputs": "1",
                "meta": {
                    "id": 453
                }
            },
            {
                "outputs": "1",
                "meta": {
                    "id": 454
                }
            },
            {
                "outputs": "2",
                "meta": {
                    "id": 455
                }
            },
            {
                "outputs": "2",
                "meta": {
                    "id": 456
                }
            },
            {
                "outputs": "2",
                "meta": {
                    "id": 457
                }
            },
            {
                "outputs": "1",
                "meta": {
                    "id": 458
                }
            },
            {
                "outputs": "1",
                "meta": {
                    "id": 459
                }
            },
            {
                "outputs": "2",
                "meta": {
                    "id": 460
                }
            },
            {
                "outputs": "2",
                "meta": {
                    "id": 461
                }
            },
            {
                "outputs": "2",
                "meta": {
                    "id": 462
                }
            },
            {
                "outputs": "2",
                "meta": {
                    "id": 463
                }
            },
            {
                "outputs": "2",
                "meta": {
                    "id": 464
                }
            },
            {
                "outputs": "1",
                "meta": {
                    "id": 465
                }
            },
            {
                "outputs": "1",
                "meta": {
                    "id": 466
                }
            },
            {
                "outputs": "2",
                "meta": {
                    "id": 467
                }
            },
            {
                "outputs": "1",
                "meta": {
                    "id": 468
                }
            },
            {
                "outputs": "2",
                "meta": {
                    "id": 469
                }
            },
            {
                "outputs": "2",
                "meta": {
                    "id": 470
                }
            },
            {
                "outputs": "1",
                "meta": {
                    "id": 471
                }
            },
            {
                "outputs": "1",
                "meta": {
                    "id": 472
                }
            },
            {
                "outputs": "2",
                "meta": {
                    "id": 473
                }
            },
            {
                "outputs": "1",
                "meta": {
                    "id": 474
                }
            },
            {
                "outputs": "1",
                "meta": {
                    "id": 475
                }
            },
            {
                "outputs": "2",
                "meta": {
                    "id": 476
                }
            },
            {
                "outputs": "2",
                "meta": {
                    "id": 477
                }
            },
            {
                "outputs": "1",
                "meta": {
                    "id": 478
                }
            },
            {
                "outputs": "1",
                "meta": {
                    "id": 479
                }
            },
            {
                "outputs": "2",
                "meta": {
                    "id": 480
                }
            },
            {
                "outputs": "1",
                "meta": {
                    "id": 481
                }
            },
            {
                "outputs": "2",
                "meta": {
                    "id": 482
                }
            },
            {
                "outputs": "1",
                "meta": {
                    "id": 483
                }
            },
            {
                "outputs": "1",
                "meta": {
                    "id": 484
                }
            },
            {
                "outputs": "2",
                "meta": {
                    "id": 485
                }
            },
            {
                "outputs": "2",
                "meta": {
                    "id": 486
                }
            },
            {
                "outputs": "2",
                "meta": {
                    "id": 487
                }
            },
            {
                "outputs": "1",
                "meta": {
                    "id": 488
                }
            },
            {
                "outputs": "1",
                "meta": {
                    "id": 489
                }
            },
            {
                "outputs": "2",
                "meta": {
                    "id": 490
                }
            },
            {
                "outputs": "1",
                "meta": {
                    "id": 491
                }
            },
            {
                "outputs": "1",
                "meta": {
                    "id": 492
                }
            },
            {
                "outputs": "2",
                "meta": {
                    "id": 493
                }
            },
            {
                "outputs": "1",
                "meta": {
                    "id": 494
                }
            },
            {
                "outputs": "2",
                "meta": {
                    "id": 495
                }
            },
            {
                "outputs": "1",
                "meta": {
                    "id": 496
                }
            },
            {
                "outputs": "1",
                "meta": {
                    "id": 497
                }
            },
            {
                "outputs": "2",
                "meta": {
                    "id": 498
                }
            },
            {
                "outputs": "1",
                "meta": {
                    "id": 499
                }
            }
        ]
    }
}