{
    "data": {
        "test": [
            {
                "outputs": "2",
                "meta": {
                    "id": 0
                }
            },
            {
                "outputs": "2",
                "meta": {
                    "id": 1
                }
            },
            {
                "outputs": "1",
                "meta": {
                    "id": 2
                }
            },
            {
                "outputs": "2",
                "meta": {
                    "id": 3
                }
            },
            {
                "outputs": "2",
                "meta": {
                    "id": 4
                }
            },
            {
                "outputs": "2",
                "meta": {
                    "id": 5
                }
            },
            {
                "outputs": "1",
                "meta": {
                    "id": 6
                }
            },
            {
                "outputs": "2",
                "meta": {
                    "id": 7
                }
            },
            {
                "outputs": "1",
                "meta": {
                    "id": 8
                }
            },
            {
                "outputs": "1",
                "meta": {
                    "id": 9
                }
            },
            {
                "outputs": "2",
                "meta": {
                    "id": 10
                }
            },
            {
                "outputs": "1",
                "meta": {
                    "id": 11
                }
            },
            {
                "outputs": "2",
                "meta": {
                    "id": 12
                }
            },
            {
                "outputs": "1",
                "meta": {
                    "id": 13
                }
            },
            {
                "outputs": "2",
                "meta": {
                    "id": 14
                }
            },
            {
                "outputs": "2",
                "meta": {
                    "id": 15
                }
            },
            {
                "outputs": "2",
                "meta": {
                    "id": 16
                }
            },
            {
                "outputs": "1",
                "meta": {
                    "id": 17
                }
            },
            {
                "outputs": "1",
                "meta": {
                    "id": 18
                }
            },
            {
                "outputs": "1",
                "meta": {
                    "id": 19
                }
            },
            {
                "outputs": "2",
                "meta": {
                    "id": 20
                }
            },
            {
                "outputs": "2",
                "meta": {
                    "id": 21
                }
            },
            {
                "outputs": "1",
                "meta": {
                    "id": 22
                }
            },
            {
                "outputs": "1",
                "meta": {
                    "id": 23
                }
            },
            {
                "outputs": "1",
                "meta": {
                    "id": 24
                }
            },
            {
                "outputs": "2",
                "meta": {
                    "id": 25
                }
            },
            {
                "outputs": "1",
                "meta": {
                    "id": 26
                }
            },
            {
                "outputs": "1",
                "meta": {
                    "id": 27
                }
            },
            {
                "outputs": "1",
                "meta": {
                    "id": 28
                }
            },
            {
                "outputs": "1",
                "meta": {
                    "id": 29
                }
            },
            {
                "outputs": "1",
                "meta": {
                    "id": 30
                }
            },
            {
                "outputs": "1",
                "meta": {
                    "id": 31
                }
            },
            {
                "outputs": "1",
                "meta": {
                    "id": 32
                }
            },
            {
                "outputs": "2",
                "meta": {
                    "id": 33
                }
            },
            {
                "outputs": "2",
                "meta": {
                    "id": 34
                }
            },
            {
                "outputs": "2",
                "meta": {
                    "id": 35
                }
            },
            {
                "outputs": "1",
                "meta": {
                    "id": 36
                }
            },
            {
                "outputs": "1",
                "meta": {
                    "id": 37
                }
            },
            {
                "outputs": "1",
                "meta": {
                    "id": 38
                }
            },
            {
                "outputs": "1",
                "meta": {
                    "id": 39
                }
            },
            {
                "outputs": "1",
                "meta": {
                    "id": 40
                }
            },
            {
                "outputs": "1",
                "meta": {
                    "id": 41
                }
            },
            {
                "outputs": "2",
                "meta": {
                    "id": 42
                }
            },
            {
                "outputs": "1",
                "meta": {
                    "id": 43
                }
            },
            {
                "outputs": "1",
                "meta": {
                    "id": 44
                }
            },
            {
                "outputs": "1",
                "meta": {
                    "id": 45
                }
            },
            {
                "outputs": "2",
                "meta": {
                    "id": 46
                }
            },
            {
                "outputs": "1",
                "meta": {
                    "id": 47
                }
            },
            {
                "outputs": "2",
                "meta": {
                    "id": 48
                }
            },
            {
                "outputs": "2",
                "meta": {
                    "id": 49
                }
            },
            {
                "outputs": "1",
                "meta": {
                    "id": 50
                }
            },
            {
                "outputs": "1",
                "meta": {
                    "id": 51
                }
            },
            {
                "outputs": "2",
                "meta": {
                    "id": 52
                }
            },
            {
                "outputs": "1",
                "meta": {
                    "id": 53
                }
            },
            {
                "outputs": "2",
                "meta": {
                    "id": 54
                }
            },
            {
                "outputs": "1",
                "meta": {
                    "id": 55
                }
            },
            {
                "outputs": "1",
                "meta": {
                    "id": 56
                }
            },
            {
                "outputs": "1",
                "meta": {
                    "id": 57
                }
            },
            {
                "outputs": "2",
                "meta": {
                    "id": 58
                }
            },
            {
                "outputs": "1",
                "meta": {
                    "id": 59
                }
            },
            {
                "outputs": "1",
                "meta": {
                    "id": 60
                }
            },
            {
                "outputs": "2",
                "meta": {
                    "id": 61
                }
            },
            {
                "outputs": "2",
                "meta": {
                    "id": 62
                }
            },
            {
                "outputs": "1",
                "meta": {
                    "id": 63
                }
            },
            {
                "outputs": "2",
                "meta": {
                    "id": 64
                }
            },
            {
                "outputs": "1",
                "meta": {
                    "id": 65
                }
            },
            {
                "outputs": "1",
                "meta": {
                    "id": 66
                }
            },
            {
                "outputs": "1",
                "meta": {
                    "id": 67
                }
            },
            {
                "outputs": "2",
                "meta": {
                    "id": 68
                }
            },
            {
                "outputs": "2",
                "meta": {
                    "id": 69
                }
            },
            {
                "outputs": "2",
                "meta": {
                    "id": 70
                }
            },
            {
                "outputs": "1",
                "meta": {
                    "id": 71
                }
            },
            {
                "outputs": "1",
                "meta": {
                    "id": 72
                }
            },
            {
                "outputs": "1",
                "meta": {
                    "id": 73
                }
            },
            {
                "outputs": "1",
                "meta": {
                    "id": 74
                }
            },
            {
                "outputs": "1",
                "meta": {
                    "id": 75
                }
            },
            {
                "outputs": "1",
                "meta": {
                    "id": 76
                }
            },
            {
                "outputs": "1",
                "meta": {
                    "id": 77
                }
            },
            {
                "outputs": "1",
                "meta": {
                    "id": 78
                }
            },
            {
                "outputs": "2",
                "meta": {
                    "id": 79
                }
            },
            {
                "outputs": "1",
                "meta": {
                    "id": 80
                }
            },
            {
                "outputs": "1",
                "meta": {
                    "id": 81
                }
            },
            {
                "outputs": "1",
                "meta": {
                    "id": 82
                }
            },
            {
                "outputs": "1",
                "meta": {
                    "id": 83
                }
            },
            {
                "outputs": "2",
                "meta": {
                    "id": 84
                }
            },
            {
                "outputs": "1",
                "meta": {
                    "id": 85
                }
            },
            {
                "outputs": "1",
                "meta": {
                    "id": 86
                }
            },
            {
                "outputs": "1",
                "meta": {
                    "id": 87
                }
            },
            {
                "outputs": "2",
                "meta": {
                    "id": 88
                }
            },
            {
                "outputs": "1",
                "meta": {
                    "id": 89
                }
            },
            {
                "outputs": "2",
                "meta": {
                    "id": 90
                }
            },
            {
                "outputs": "2",
                "meta": {
                    "id": 91
                }
            },
            {
                "outputs": "1",
                "meta": {
                    "id": 92
                }
            },
            {
                "outputs": "1",
                "meta": {
                    "id": 93
                }
            },
            {
                "outputs": "2",
                "meta": {
                    "id": 94
                }
            },
            {
                "outputs": "1",
                "meta": {
                    "id": 95
                }
            },
            {
                "outputs": "1",
                "meta": {
                    "id": 96
                }
            },
            {
                "outputs": "2",
                "meta": {
                    "id": 97
                }
            },
            {
                "outputs": "1",
                "meta": {
                    "id": 98
                }
            },
            {
                "outputs": "1",
                "meta": {
                    "id": 99
                }
            },
            {
                "outputs": "1",
                "meta": {
                    "id": 100
                }
            },
            {
                "outputs": "1",
                "meta": {
                    "id": 101
                }
            },
            {
                "outputs": "1",
                "meta": {
                    "id": 102
                }
            },
            {
                "outputs": "1",
                "meta": {
                    "id": 103
                }
            },
            {
                "outputs": "2",
                "meta": {
                    "id": 104
                }
            },
            {
                "outputs": "2",
                "meta": {
                    "id": 105
                }
            },
            {
                "outputs": "1",
                "meta": {
                    "id": 106
                }
            },
            {
                "outputs": "2",
                "meta": {
                    "id": 107
                }
            },
            {
                "outputs": "2",
                "meta": {
                    "id": 108
                }
            },
            {
                "outputs": "2",
                "meta": {
                    "id": 109
                }
            },
            {
                "outputs": "2",
                "meta": {
                    "id": 110
                }
            },
            {
                "outputs": "2",
                "meta": {
                    "id": 111
                }
            },
            {
                "outputs": "1",
                "meta": {
                    "id": 112
                }
            },
            {
                "outputs": "2",
                "meta": {
                    "id": 113
                }
            },
            {
                "outputs": "2",
                "meta": {
                    "id": 114
                }
            },
            {
                "outputs": "2",
                "meta": {
                    "id": 115
                }
            },
            {
                "outputs": "1",
                "meta": {
                    "id": 116
                }
            },
            {
                "outputs": "2",
                "meta": {
                    "id": 117
                }
            },
            {
                "outputs": "2",
                "meta": {
                    "id": 118
                }
            },
            {
                "outputs": "1",
                "meta": {
                    "id": 119
                }
            },
            {
                "outputs": "2",
                "meta": {
                    "id": 120
                }
            },
            {
                "outputs": "2",
                "meta": {
                    "id": 121
                }
            },
            {
                "outputs": "2",
                "meta": {
                    "id": 122
                }
            },
            {
                "outputs": "1",
                "meta": {
                    "id": 123
                }
            },
            {
                "outputs": "1",
                "meta": {
                    "id": 124
                }
            },
            {
                "outputs": "2",
                "meta": {
                    "id": 125
                }
            },
            {
                "outputs": "2",
                "meta": {
                    "id": 126
                }
            },
            {
                "outputs": "1",
                "meta": {
                    "id": 127
                }
            },
            {
                "outputs": "1",
                "meta": {
                    "id": 128
                }
            },
            {
                "outputs": "1",
                "meta": {
                    "id": 129
                }
            },
            {
                "outputs": "1",
                "meta": {
                    "id": 130
                }
            },
            {
                "outputs": "1",
                "meta": {
                    "id": 131
                }
            },
            {
                "outputs": "2",
                "meta": {
                    "id": 132
                }
            },
            {
                "outputs": "1",
                "meta": {
                    "id": 133
                }
            },
            {
                "outputs": "2",
                "meta": {
                    "id": 134
                }
            },
            {
                "outputs": "2",
                "meta": {
                    "id": 135
                }
            },
            {
                "outputs": "1",
                "meta": {
                    "id": 136
                }
            },
            {
                "outputs": "1",
                "meta": {
                    "id": 137
                }
            },
            {
                "outputs": "1",
                "meta": {
                    "id": 138
                }
            },
            {
                "outputs": "2",
                "meta": {
                    "id": 139
                }
            },
            {
                "outputs": "1",
                "meta": {
                    "id": 140
                }
            },
            {
                "outputs": "2",
                "meta": {
                    "id": 141
                }
            },
            {
                "outputs": "2",
                "meta": {
                    "id": 142
                }
            },
            {
                "outputs": "1",
                "meta": {
                    "id": 143
                }
            },
            {
                "outputs": "2",
                "meta": {
                    "id": 144
                }
            },
            {
                "outputs": "1",
                "meta": {
                    "id": 145
                }
            },
            {
                "outputs": "1",
                "meta": {
                    "id": 146
                }
            },
            {
                "outputs": "1",
                "meta": {
                    "id": 147
                }
            },
            {
                "outputs": "1",
                "meta": {
                    "id": 148
                }
            },
            {
                "outputs": "1",
                "meta": {
                    "id": 149
                }
            },
            {
                "outputs": "2",
                "meta": {
                    "id": 150
                }
            },
            {
                "outputs": "2",
                "meta": {
                    "id": 151
                }
            },
            {
                "outputs": "1",
                "meta": {
                    "id": 152
                }
            },
            {
                "outputs": "2",
                "meta": {
                    "id": 153
                }
            },
            {
                "outputs": "1",
                "meta": {
                    "id": 154
                }
            },
            {
                "outputs": "2",
                "meta": {
                    "id": 155
                }
            },
            {
                "outputs": "2",
                "meta": {
                    "id": 156
                }
            },
            {
                "outputs": "1",
                "meta": {
                    "id": 157
                }
            },
            {
                "outputs": "2",
                "meta": {
                    "id": 158
                }
            },
            {
                "outputs": "1",
                "meta": {
                    "id": 159
                }
            },
            {
                "outputs": "1",
                "meta": {
                    "id": 160
                }
            },
            {
                "outputs": "2",
                "meta": {
                    "id": 161
                }
            },
            {
                "outputs": "1",
                "meta": {
                    "id": 162
                }
            },
            {
                "outputs": "2",
                "meta": {
                    "id": 163
                }
            },
            {
                "outputs": "1",
                "meta": {
                    "id": 164
                }
            },
            {
                "outputs": "1",
                "meta": {
                    "id": 165
                }
            },
            {
                "outputs": "1",
                "meta": {
                    "id": 166
                }
            },
            {
                "outputs": "1",
                "meta": {
                    "id": 167
                }
            },
            {
                "outputs": "2",
                "meta": {
                    "id": 168
                }
            },
            {
                "outputs": "1",
                "meta": {
                    "id": 169
                }
            },
            {
                "outputs": "2",
                "meta": {
                    "id": 170
                }
            },
            {
                "outputs": "1",
                "meta": {
                    "id": 171
                }
            },
            {
                "outputs": "1",
                "meta": {
                    "id": 172
                }
            },
            {
                "outputs": "2",
                "meta": {
                    "id": 173
                }
            },
            {
                "outputs": "1",
                "meta": {
                    "id": 174
                }
            },
            {
                "outputs": "2",
                "meta": {
                    "id": 175
                }
            },
            {
                "outputs": "1",
                "meta": {
                    "id": 176
                }
            },
            {
                "outputs": "2",
                "meta": {
                    "id": 177
                }
            }
        ]
    }
}