{
    "data": {
        "test": [
            [
                {
                    "outputs": "1",
                    "meta": {
                        "dialog_id": 0,
                        "question_id": 0
                    }
                },
                {
                    "outputs": "1",
                    "meta": {
                        "dialog_id": 0,
                        "question_id": 1
                    }
                },
                {
                    "outputs": "1",
                    "meta": {
                        "dialog_id": 0,
                        "question_id": 2
                    }
                },
                {
                    "outputs": "1",
                    "meta": {
                        "dialog_id": 0,
                        "question_id": 3
                    }
                },
                {
                    "outputs": "2",
                    "meta": {
                        "dialog_id": 0,
                        "question_id": 4
                    }
                },
                {
                    "outputs": "1",
                    "meta": {
                        "dialog_id": 0,
                        "question_id": 5
                    }
                },
                {
                    "outputs": "1",
                    "meta": {
                        "dialog_id": 0,
                        "question_id": 6
                    }
                },
                {
                    "outputs": "1",
                    "meta": {
                        "dialog_id": 0,
                        "question_id": 7
                    }
                },
                {
                    "outputs": "1",
                    "meta": {
                        "dialog_id": 0,
                        "question_id": 8
                    }
                },
                {
                    "outputs": "1",
                    "meta": {
                        "dialog_id": 0,
                        "question_id": 9
                    }
                },
                {
                    "outputs": "1",
                    "meta": {
                        "dialog_id": 0,
                        "question_id": 10
                    }
                },
                {
                    "outputs": "1",
                    "meta": {
                        "dialog_id": 0,
                        "question_id": 11
                    }
                },
                {
                    "outputs": "1",
                    "meta": {
                        "dialog_id": 0,
                        "question_id": 12
                    }
                },
                {
                    "outputs": "1",
                    "meta": {
                        "dialog_id": 0,
                        "question_id": 13
                    }
                },
                {
                    "outputs": "2",
                    "meta": {
                        "dialog_id": 0,
                        "question_id": 14
                    }
                },
                {
                    "outputs": "1",
                    "meta": {
                        "dialog_id": 0,
                        "question_id": 15
                    }
                },
                {
                    "outputs": "1",
                    "meta": {
                        "dialog_id": 0,
                        "question_id": 16
                    }
                },
                {
                    "outputs": "1",
                    "meta": {
                        "dialog_id": 0,
                        "question_id": 17
                    }
                },
                {
                    "outputs": "1",
                    "meta": {
                        "dialog_id": 0,
                        "question_id": 18
                    }
                },
                {
                    "outputs": "2",
                    "meta": {
                        "dialog_id": 0,
                        "question_id": 19
                    }
                },
                {
                    "outputs": "1",
                    "meta": {
                        "dialog_id": 0,
                        "question_id": 20
                    }
                },
                {
                    "outputs": "2",
                    "meta": {
                        "dialog_id": 0,
                        "question_id": 21
                    }
                },
                {
                    "outputs": "2",
                    "meta": {
                        "dialog_id": 0,
                        "question_id": 22
                    }
                },
                {
                    "outputs": "2",
                    "meta": {
                        "dialog_id": 0,
                        "question_id": 23
                    }
                },
                {
                    "outputs": "2",
                    "meta": {
                        "dialog_id": 0,
                        "question_id": 24
                    }
                },
                {
                    "outputs": "2",
                    "meta": {
                        "dialog_id": 0,
                        "question_id": 25
                    }
                },
                {
                    "outputs": "2",
                    "meta": {
                        "dialog_id": 0,
                        "question_id": 26
                    }
                },
                {
                    "outputs": "2",
                    "meta": {
                        "dialog_id": 0,
                        "question_id": 27
                    }
                },
                {
                    "outputs": "2",
                    "meta": {
                        "dialog_id": 0,
                        "question_id": 28
                    }
                },
                {
                    "outputs": "2",
                    "meta": {
                        "dialog_id": 0,
                        "question_id": 29
                    }
                },
                {
                    "outputs": "2",
                    "meta": {
                        "dialog_id": 0,
                        "question_id": 30
                    }
                },
                {
                    "outputs": "1",
                    "meta": {
                        "dialog_id": 0,
                        "question_id": 31
                    }
                },
                {
                    "outputs": "1",
                    "meta": {
                        "dialog_id": 0,
                        "question_id": 32
                    }
                },
                {
                    "outputs": "1",
                    "meta": {
                        "dialog_id": 0,
                        "question_id": 33
                    }
                },
                {
                    "outputs": "1",
                    "meta": {
                        "dialog_id": 0,
                        "question_id": 34
                    }
                },
                {
                    "outputs": "1",
                    "meta": {
                        "dialog_id": 0,
                        "question_id": 35
                    }
                },
                {
                    "outputs": "1",
                    "meta": {
                        "dialog_id": 0,
                        "question_id": 36
                    }
                },
                {
                    "outputs": "2",
                    "meta": {
                        "dialog_id": 0,
                        "question_id": 37
                    }
                },
                {
                    "outputs": "1",
                    "meta": {
                        "dialog_id": 0,
                        "question_id": 38
                    }
                },
                {
                    "outputs": "2",
                    "meta": {
                        "dialog_id": 0,
                        "question_id": 39
                    }
                },
                {
                    "outputs": "2",
                    "meta": {
                        "dialog_id": 0,
                        "question_id": 40
                    }
                },
                {
                    "outputs": "2",
                    "meta": {
                        "dialog_id": 0,
                        "question_id": 41
                    }
                },
                {
                    "outputs": "2",
                    "meta": {
                        "dialog_id": 0,
                        "question_id": 42
                    }
                },
                {
                    "outputs": "2",
                    "meta": {
                        "dialog_id": 0,
                        "question_id": 43
                    }
                },
                {
                    "outputs": "2",
                    "meta": {
                        "dialog_id": 0,
                        "question_id": 44
                    }
                },
                {
                    "outputs": "1",
                    "meta": {
                        "dialog_id": 0,
                        "question_id": 45
                    }
                },
                {
                    "outputs": "1",
                    "meta": {
                        "dialog_id": 0,
                        "question_id": 46
                    }
                },
                {
                    "outputs": "2",
                    "meta": {
                        "dialog_id": 0,
                        "question_id": 47
                    }
                },
                {
                    "outputs": "2",
                    "meta": {
                        "dialog_id": 0,
                        "question_id": 48
                    }
                },
                {
                    "outputs": "2",
                    "meta": {
                        "dialog_id": 0,
                        "question_id": 49
                    }
                },
                {
                    "outputs": "2",
                    "meta": {
                        "dialog_id": 0,
                        "question_id": 50
                    }
                },
                {
                    "outputs": "2",
                    "meta": {
                        "dialog_id": 0,
                        "question_id": 51
                    }
                },
                {
                    "outputs": "1",
                    "meta": {
                        "dialog_id": 0,
                        "question_id": 52
                    }
                },
                {
                    "outputs": "1",
                    "meta": {
                        "dialog_id": 0,
                        "question_id": 53
                    }
                },
                {
                    "outputs": "1",
                    "meta": {
                        "dialog_id": 0,
                        "question_id": 54
                    }
                },
                {
                    "outputs": "2",
                    "meta": {
                        "dialog_id": 0,
                        "question_id": 55
                    }
                },
                {
                    "outputs": "1",
                    "meta": {
                        "dialog_id": 0,
                        "question_id": 56
                    }
                },
                {
                    "outputs": "1",
                    "meta": {
                        "dialog_id": 0,
                        "question_id": 57
                    }
                },
                {
                    "outputs": "1",
                    "meta": {
                        "dialog_id": 0,
                        "question_id": 58
                    }
                },
                {
                    "outputs": "1",
                    "meta": {
                        "dialog_id": 0,
                        "question_id": 59
                    }
                },
                {
                    "outputs": "1",
                    "meta": {
                        "dialog_id": 0,
                        "question_id": 60
                    }
                },
                {
                    "outputs": "2",
                    "meta": {
                        "dialog_id": 0,
                        "question_id": 61
                    }
                },
                {
                    "outputs": "2",
                    "meta": {
                        "dialog_id": 0,
                        "question_id": 62
                    }
                },
                {
                    "outputs": "2",
                    "meta": {
                        "dialog_id": 0,
                        "question_id": 63
                    }
                },
                {
                    "outputs": "2",
                    "meta": {
                        "dialog_id": 0,
                        "question_id": 64
                    }
                },
                {
                    "outputs": "2",
                    "meta": {
                        "dialog_id": 0,
                        "question_id": 65
                    }
                },
                {
                    "outputs": "2",
                    "meta": {
                        "dialog_id": 0,
                        "question_id": 66
                    }
                },
                {
                    "outputs": "2",
                    "meta": {
                        "dialog_id": 0,
                        "question_id": 67
                    }
                },
                {
                    "outputs": "2",
                    "meta": {
                        "dialog_id": 0,
                        "question_id": 68
                    }
                },
                {
                    "outputs": "2",
                    "meta": {
                        "dialog_id": 0,
                        "question_id": 69
                    }
                },
                {
                    "outputs": "1",
                    "meta": {
                        "dialog_id": 0,
                        "question_id": 70
                    }
                },
                {
                    "outputs": "2",
                    "meta": {
                        "dialog_id": 0,
                        "question_id": 71
                    }
                },
                {
                    "outputs": "2",
                    "meta": {
                        "dialog_id": 0,
                        "question_id": 72
                    }
                },
                {
                    "outputs": "2",
                    "meta": {
                        "dialog_id": 0,
                        "question_id": 73
                    }
                },
                {
                    "outputs": "2",
                    "meta": {
                        "dialog_id": 0,
                        "question_id": 74
                    }
                },
                {
                    "outputs": "1",
                    "meta": {
                        "dialog_id": 0,
                        "question_id": 75
                    }
                },
                {
                    "outputs": "1",
                    "meta": {
                        "dialog_id": 0,
                        "question_id": 76
                    }
                },
                {
                    "outputs": "2",
                    "meta": {
                        "dialog_id": 0,
                        "question_id": 77
                    }
                },
                {
                    "outputs": "2",
                    "meta": {
                        "dialog_id": 0,
                        "question_id": 78
                    }
                },
                {
                    "outputs": "1",
                    "meta": {
                        "dialog_id": 0,
                        "question_id": 79
                    }
                },
                {
                    "outputs": "1",
                    "meta": {
                        "dialog_id": 0,
                        "question_id": 80
                    }
                },
                {
                    "outputs": "2",
                    "meta": {
                        "dialog_id": 0,
                        "question_id": 81
                    }
                },
                {
                    "outputs": "1",
                    "meta": {
                        "dialog_id": 0,
                        "question_id": 82
                    }
                },
                {
                    "outputs": "1",
                    "meta": {
                        "dialog_id": 0,
                        "question_id": 83
                    }
                },
                {
                    "outputs": "1",
                    "meta": {
                        "dialog_id": 0,
                        "question_id": 84
                    }
                },
                {
                    "outputs": "2",
                    "meta": {
                        "dialog_id": 0,
                        "question_id": 85
                    }
                },
                {
                    "outputs": "2",
                    "meta": {
                        "dialog_id": 0,
                        "question_id": 86
                    }
                },
                {
                    "outputs": "1",
                    "meta": {
                        "dialog_id": 0,
                        "question_id": 87
                    }
                },
                {
                    "outputs": "1",
                    "meta": {
                        "dialog_id": 0,
                        "question_id": 88
                    }
                },
                {
                    "outputs": "2",
                    "meta": {
                        "dialog_id": 0,
                        "question_id": 89
                    }
                },
                {
                    "outputs": "1",
                    "meta": {
                        "dialog_id": 0,
                        "question_id": 90
                    }
                },
                {
                    "outputs": "1",
                    "meta": {
                        "dialog_id": 0,
                        "question_id": 91
                    }
                },
                {
                    "outputs": "2",
                    "meta": {
                        "dialog_id": 0,
                        "question_id": 92
                    }
                },
                {
                    "outputs": "2",
                    "meta": {
                        "dialog_id": 0,
                        "question_id": 93
                    }
                },
                {
                    "outputs": "1",
                    "meta": {
                        "dialog_id": 0,
                        "question_id": 94
                    }
                },
                {
                    "outputs": "1",
                    "meta": {
                        "dialog_id": 0,
                        "question_id": 95
                    }
                },
                {
                    "outputs": "1",
                    "meta": {
                        "dialog_id": 0,
                        "question_id": 96
                    }
                },
                {
                    "outputs": "2",
                    "meta": {
                        "dialog_id": 0,
                        "question_id": 97
                    }
                },
                {
                    "outputs": "2",
                    "meta": {
                        "dialog_id": 0,
                        "question_id": 98
                    }
                },
                {
                    "outputs": "2",
                    "meta": {
                        "dialog_id": 0,
                        "question_id": 99
                    }
                },
                {
                    "outputs": "2",
                    "meta": {
                        "dialog_id": 0,
                        "question_id": 100
                    }
                },
                {
                    "outputs": "1",
                    "meta": {
                        "dialog_id": 0,
                        "question_id": 101
                    }
                },
                {
                    "outputs": "1",
                    "meta": {
                        "dialog_id": 0,
                        "question_id": 102
                    }
                },
                {
                    "outputs": "2",
                    "meta": {
                        "dialog_id": 0,
                        "question_id": 103
                    }
                },
                {
                    "outputs": "1",
                    "meta": {
                        "dialog_id": 0,
                        "question_id": 104
                    }
                },
                {
                    "outputs": "1",
                    "meta": {
                        "dialog_id": 0,
                        "question_id": 105
                    }
                },
                {
                    "outputs": "2",
                    "meta": {
                        "dialog_id": 0,
                        "question_id": 106
                    }
                },
                {
                    "outputs": "1",
                    "meta": {
                        "dialog_id": 0,
                        "question_id": 107
                    }
                },
                {
                    "outputs": "2",
                    "meta": {
                        "dialog_id": 0,
                        "question_id": 108
                    }
                },
                {
                    "outputs": "1",
                    "meta": {
                        "dialog_id": 0,
                        "question_id": 109
                    }
                },
                {
                    "outputs": "2",
                    "meta": {
                        "dialog_id": 0,
                        "question_id": 110
                    }
                },
                {
                    "outputs": "1",
                    "meta": {
                        "dialog_id": 0,
                        "question_id": 111
                    }
                },
                {
                    "outputs": "1",
                    "meta": {
                        "dialog_id": 0,
                        "question_id": 112
                    }
                },
                {
                    "outputs": "2",
                    "meta": {
                        "dialog_id": 0,
                        "question_id": 113
                    }
                },
                {
                    "outputs": "1",
                    "meta": {
                        "dialog_id": 0,
                        "question_id": 114
                    }
                },
                {
                    "outputs": "1",
                    "meta": {
                        "dialog_id": 0,
                        "question_id": 115
                    }
                },
                {
                    "outputs": "1",
                    "meta": {
                        "dialog_id": 0,
                        "question_id": 116
                    }
                },
                {
                    "outputs": "1",
                    "meta": {
                        "dialog_id": 0,
                        "question_id": 117
                    }
                },
                {
                    "outputs": "2",
                    "meta": {
                        "dialog_id": 0,
                        "question_id": 118
                    }
                },
                {
                    "outputs": "2",
                    "meta": {
                        "dialog_id": 0,
                        "question_id": 119
                    }
                },
                {
                    "outputs": "1",
                    "meta": {
                        "dialog_id": 0,
                        "question_id": 120
                    }
                },
                {
                    "outputs": "2",
                    "meta": {
                        "dialog_id": 0,
                        "question_id": 121
                    }
                },
                {
                    "outputs": "2",
                    "meta": {
                        "dialog_id": 0,
                        "question_id": 122
                    }
                },
                {
                    "outputs": "2",
                    "meta": {
                        "dialog_id": 0,
                        "question_id": 123
                    }
                },
                {
                    "outputs": "1",
                    "meta": {
                        "dialog_id": 0,
                        "question_id": 124
                    }
                },
                {
                    "outputs": "2",
                    "meta": {
                        "dialog_id": 0,
                        "question_id": 125
                    }
                },
                {
                    "outputs": "2",
                    "meta": {
                        "dialog_id": 0,
                        "question_id": 126
                    }
                },
                {
                    "outputs": "2",
                    "meta": {
                        "dialog_id": 0,
                        "question_id": 127
                    }
                },
                {
                    "outputs": "2",
                    "meta": {
                        "dialog_id": 0,
                        "question_id": 128
                    }
                },
                {
                    "outputs": "1",
                    "meta": {
                        "dialog_id": 0,
                        "question_id": 129
                    }
                },
                {
                    "outputs": "2",
                    "meta": {
                        "dialog_id": 0,
                        "question_id": 130
                    }
                },
                {
                    "outputs": "1",
                    "meta": {
                        "dialog_id": 0,
                        "question_id": 131
                    }
                },
                {
                    "outputs": "2",
                    "meta": {
                        "dialog_id": 0,
                        "question_id": 132
                    }
                },
                {
                    "outputs": "2",
                    "meta": {
                        "dialog_id": 0,
                        "question_id": 133
                    }
                },
                {
                    "outputs": "2",
                    "meta": {
                        "dialog_id": 0,
                        "question_id": 134
                    }
                },
                {
                    "outputs": "1",
                    "meta": {
                        "dialog_id": 0,
                        "question_id": 135
                    }
                },
                {
                    "outputs": "2",
                    "meta": {
                        "dialog_id": 0,
                        "question_id": 136
                    }
                },
                {
                    "outputs": "1",
                    "meta": {
                        "dialog_id": 0,
                        "question_id": 137
                    }
                },
                {
                    "outputs": "1",
                    "meta": {
                        "dialog_id": 0,
                        "question_id": 138
                    }
                },
                {
                    "outputs": "2",
                    "meta": {
                        "dialog_id": 0,
                        "question_id": 139
                    }
                },
                {
                    "outputs": "2",
                    "meta": {
                        "dialog_id": 0,
                        "question_id": 140
                    }
                },
                {
                    "outputs": "2",
                    "meta": {
                        "dialog_id": 0,
                        "question_id": 141
                    }
                },
                {
                    "outputs": "2",
                    "meta": {
                        "dialog_id": 0,
                        "question_id": 142
                    }
                },
                {
                    "outputs": "1",
                    "meta": {
                        "dialog_id": 0,
                        "question_id": 143
                    }
                },
                {
                    "outputs": "2",
                    "meta": {
                        "dialog_id": 0,
                        "question_id": 144
                    }
                },
                {
                    "outputs": "2",
                    "meta": {
                        "dialog_id": 0,
                        "question_id": 145
                    }
                },
                {
                    "outputs": "2",
                    "meta": {
                        "dialog_id": 0,
                        "question_id": 146
                    }
                },
                {
                    "outputs": "1",
                    "meta": {
                        "dialog_id": 0,
                        "question_id": 147
                    }
                },
                {
                    "outputs": "2",
                    "meta": {
                        "dialog_id": 0,
                        "question_id": 148
                    }
                },
                {
                    "outputs": "2",
                    "meta": {
                        "dialog_id": 0,
                        "question_id": 149
                    }
                },
                {
                    "outputs": "1",
                    "meta": {
                        "dialog_id": 0,
                        "question_id": 150
                    }
                },
                {
                    "outputs": "2",
                    "meta": {
                        "dialog_id": 0,
                        "question_id": 151
                    }
                },
                {
                    "outputs": "2",
                    "meta": {
                        "dialog_id": 0,
                        "question_id": 152
                    }
                },
                {
                    "outputs": "1",
                    "meta": {
                        "dialog_id": 0,
                        "question_id": 153
                    }
                },
                {
                    "outputs": "2",
                    "meta": {
                        "dialog_id": 0,
                        "question_id": 154
                    }
                },
                {
                    "outputs": "2",
                    "meta": {
                        "dialog_id": 0,
                        "question_id": 155
                    }
                },
                {
                    "outputs": "1",
                    "meta": {
                        "dialog_id": 0,
                        "question_id": 156
                    }
                },
                {
                    "outputs": "2",
                    "meta": {
                        "dialog_id": 0,
                        "question_id": 157
                    }
                },
                {
                    "outputs": "2",
                    "meta": {
                        "dialog_id": 0,
                        "question_id": 158
                    }
                },
                {
                    "outputs": "1",
                    "meta": {
                        "dialog_id": 0,
                        "question_id": 159
                    }
                },
                {
                    "outputs": "2",
                    "meta": {
                        "dialog_id": 0,
                        "question_id": 160
                    }
                },
                {
                    "outputs": "2",
                    "meta": {
                        "dialog_id": 0,
                        "question_id": 161
                    }
                },
                {
                    "outputs": "2",
                    "meta": {
                        "dialog_id": 0,
                        "question_id": 162
                    }
                },
                {
                    "outputs": "2",
                    "meta": {
                        "dialog_id": 0,
                        "question_id": 163
                    }
                },
                {
                    "outputs": "2",
                    "meta": {
                        "dialog_id": 0,
                        "question_id": 164
                    }
                },
                {
                    "outputs": "1",
                    "meta": {
                        "dialog_id": 0,
                        "question_id": 165
                    }
                },
                {
                    "outputs": "2",
                    "meta": {
                        "dialog_id": 0,
                        "question_id": 166
                    }
                },
                {
                    "outputs": "2",
                    "meta": {
                        "dialog_id": 0,
                        "question_id": 167
                    }
                },
                {
                    "outputs": "1",
                    "meta": {
                        "dialog_id": 0,
                        "question_id": 168
                    }
                },
                {
                    "outputs": "2",
                    "meta": {
                        "dialog_id": 0,
                        "question_id": 169
                    }
                },
                {
                    "outputs": "1",
                    "meta": {
                        "dialog_id": 0,
                        "question_id": 170
                    }
                },
                {
                    "outputs": "1",
                    "meta": {
                        "dialog_id": 0,
                        "question_id": 171
                    }
                },
                {
                    "outputs": "2",
                    "meta": {
                        "dialog_id": 0,
                        "question_id": 172
                    }
                },
                {
                    "outputs": "2",
                    "meta": {
                        "dialog_id": 0,
                        "question_id": 173
                    }
                },
                {
                    "outputs": "2",
                    "meta": {
                        "dialog_id": 0,
                        "question_id": 174
                    }
                },
                {
                    "outputs": "2",
                    "meta": {
                        "dialog_id": 0,
                        "question_id": 175
                    }
                },
                {
                    "outputs": "1",
                    "meta": {
                        "dialog_id": 0,
                        "question_id": 176
                    }
                },
                {
                    "outputs": "2",
                    "meta": {
                        "dialog_id": 0,
                        "question_id": 177
                    }
                },
                {
                    "outputs": "1",
                    "meta": {
                        "dialog_id": 0,
                        "question_id": 178
                    }
                },
                {
                    "outputs": "2",
                    "meta": {
                        "dialog_id": 0,
                        "question_id": 179
                    }
                },
                {
                    "outputs": "2",
                    "meta": {
                        "dialog_id": 0,
                        "question_id": 180
                    }
                },
                {
                    "outputs": "1",
                    "meta": {
                        "dialog_id": 0,
                        "question_id": 181
                    }
                },
                {
                    "outputs": "1",
                    "meta": {
                        "dialog_id": 0,
                        "question_id": 182
                    }
                },
                {
                    "outputs": "2",
                    "meta": {
                        "dialog_id": 0,
                        "question_id": 183
                    }
                },
                {
                    "outputs": "2",
                    "meta": {
                        "dialog_id": 0,
                        "question_id": 184
                    }
                },
                {
                    "outputs": "1",
                    "meta": {
                        "dialog_id": 0,
                        "question_id": 185
                    }
                },
                {
                    "outputs": "2",
                    "meta": {
                        "dialog_id": 0,
                        "question_id": 186
                    }
                },
                {
                    "outputs": "1",
                    "meta": {
                        "dialog_id": 0,
                        "question_id": 187
                    }
                },
                {
                    "outputs": "2",
                    "meta": {
                        "dialog_id": 0,
                        "question_id": 188
                    }
                },
                {
                    "outputs": "2",
                    "meta": {
                        "dialog_id": 0,
                        "question_id": 189
                    }
                },
                {
                    "outputs": "1",
                    "meta": {
                        "dialog_id": 0,
                        "question_id": 190
                    }
                },
                {
                    "outputs": "1",
                    "meta": {
                        "dialog_id": 0,
                        "question_id": 191
                    }
                },
                {
                    "outputs": "1",
                    "meta": {
                        "dialog_id": 0,
                        "question_id": 192
                    }
                },
                {
                    "outputs": "1",
                    "meta": {
                        "dialog_id": 0,
                        "question_id": 193
                    }
                },
                {
                    "outputs": "2",
                    "meta": {
                        "dialog_id": 0,
                        "question_id": 194
                    }
                },
                {
                    "outputs": "1",
                    "meta": {
                        "dialog_id": 0,
                        "question_id": 195
                    }
                },
                {
                    "outputs": "2",
                    "meta": {
                        "dialog_id": 0,
                        "question_id": 196
                    }
                },
                {
                    "outputs": "1",
                    "meta": {
                        "dialog_id": 0,
                        "question_id": 197
                    }
                },
                {
                    "outputs": "1",
                    "meta": {
                        "dialog_id": 0,
                        "question_id": 198
                    }
                },
                {
                    "outputs": "1",
                    "meta": {
                        "dialog_id": 0,
                        "question_id": 199
                    }
                },
                {
                    "outputs": "2",
                    "meta": {
                        "dialog_id": 0,
                        "question_id": 200
                    }
                },
                {
                    "outputs": "2",
                    "meta": {
                        "dialog_id": 0,
                        "question_id": 201
                    }
                },
                {
                    "outputs": "2",
                    "meta": {
                        "dialog_id": 0,
                        "question_id": 202
                    }
                },
                {
                    "outputs": "1",
                    "meta": {
                        "dialog_id": 0,
                        "question_id": 203
                    }
                },
                {
                    "outputs": "1",
                    "meta": {
                        "dialog_id": 0,
                        "question_id": 204
                    }
                },
                {
                    "outputs": "2",
                    "meta": {
                        "dialog_id": 0,
                        "question_id": 205
                    }
                },
                {
                    "outputs": "2",
                    "meta": {
                        "dialog_id": 0,
                        "question_id": 206
                    }
                },
                {
                    "outputs": "2",
                    "meta": {
                        "dialog_id": 0,
                        "question_id": 207
                    }
                },
                {
                    "outputs": "1",
                    "meta": {
                        "dialog_id": 0,
                        "question_id": 208
                    }
                },
                {
                    "outputs": "2",
                    "meta": {
                        "dialog_id": 0,
                        "question_id": 209
                    }
                },
                {
                    "outputs": "1",
                    "meta": {
                        "dialog_id": 0,
                        "question_id": 210
                    }
                },
                {
                    "outputs": "1",
                    "meta": {
                        "dialog_id": 0,
                        "question_id": 211
                    }
                },
                {
                    "outputs": "1",
                    "meta": {
                        "dialog_id": 0,
                        "question_id": 212
                    }
                },
                {
                    "outputs": "2",
                    "meta": {
                        "dialog_id": 0,
                        "question_id": 213
                    }
                },
                {
                    "outputs": "2",
                    "meta": {
                        "dialog_id": 0,
                        "question_id": 214
                    }
                },
                {
                    "outputs": "1",
                    "meta": {
                        "dialog_id": 0,
                        "question_id": 215
                    }
                },
                {
                    "outputs": "1",
                    "meta": {
                        "dialog_id": 0,
                        "question_id": 216
                    }
                },
                {
                    "outputs": "2",
                    "meta": {
                        "dialog_id": 0,
                        "question_id": 217
                    }
                },
                {
                    "outputs": "1",
                    "meta": {
                        "dialog_id": 0,
                        "question_id": 218
                    }
                },
                {
                    "outputs": "1",
                    "meta": {
                        "dialog_id": 0,
                        "question_id": 219
                    }
                },
                {
                    "outputs": "1",
                    "meta": {
                        "dialog_id": 0,
                        "question_id": 220
                    }
                },
                {
                    "outputs": "2",
                    "meta": {
                        "dialog_id": 0,
                        "question_id": 221
                    }
                },
                {
                    "outputs": "2",
                    "meta": {
                        "dialog_id": 0,
                        "question_id": 222
                    }
                },
                {
                    "outputs": "2",
                    "meta": {
                        "dialog_id": 0,
                        "question_id": 223
                    }
                },
                {
                    "outputs": "2",
                    "meta": {
                        "dialog_id": 0,
                        "question_id": 224
                    }
                },
                {
                    "outputs": "2",
                    "meta": {
                        "dialog_id": 0,
                        "question_id": 225
                    }
                },
                {
                    "outputs": "1",
                    "meta": {
                        "dialog_id": 0,
                        "question_id": 226
                    }
                },
                {
                    "outputs": "2",
                    "meta": {
                        "dialog_id": 0,
                        "question_id": 227
                    }
                },
                {
                    "outputs": "2",
                    "meta": {
                        "dialog_id": 0,
                        "question_id": 228
                    }
                },
                {
                    "outputs": "2",
                    "meta": {
                        "dialog_id": 0,
                        "question_id": 229
                    }
                },
                {
                    "outputs": "1",
                    "meta": {
                        "dialog_id": 0,
                        "question_id": 230
                    }
                },
                {
                    "outputs": "1",
                    "meta": {
                        "dialog_id": 0,
                        "question_id": 231
                    }
                },
                {
                    "outputs": "1",
                    "meta": {
                        "dialog_id": 0,
                        "question_id": 232
                    }
                },
                {
                    "outputs": "2",
                    "meta": {
                        "dialog_id": 0,
                        "question_id": 233
                    }
                },
                {
                    "outputs": "1",
                    "meta": {
                        "dialog_id": 0,
                        "question_id": 234
                    }
                },
                {
                    "outputs": "2",
                    "meta": {
                        "dialog_id": 0,
                        "question_id": 235
                    }
                },
                {
                    "outputs": "2",
                    "meta": {
                        "dialog_id": 0,
                        "question_id": 236
                    }
                },
                {
                    "outputs": "2",
                    "meta": {
                        "dialog_id": 0,
                        "question_id": 237
                    }
                },
                {
                    "outputs": "1",
                    "meta": {
                        "dialog_id": 0,
                        "question_id": 238
                    }
                },
                {
                    "outputs": "2",
                    "meta": {
                        "dialog_id": 0,
                        "question_id": 239
                    }
                },
                {
                    "outputs": "1",
                    "meta": {
                        "dialog_id": 0,
                        "question_id": 240
                    }
                },
                {
                    "outputs": "1",
                    "meta": {
                        "dialog_id": 0,
                        "question_id": 241
                    }
                },
                {
                    "outputs": "2",
                    "meta": {
                        "dialog_id": 0,
                        "question_id": 242
                    }
                },
                {
                    "outputs": "2",
                    "meta": {
                        "dialog_id": 0,
                        "question_id": 243
                    }
                },
                {
                    "outputs": "2",
                    "meta": {
                        "dialog_id": 0,
                        "question_id": 244
                    }
                },
                {
                    "outputs": "2",
                    "meta": {
                        "dialog_id": 0,
                        "question_id": 245
                    }
                },
                {
                    "outputs": "1",
                    "meta": {
                        "dialog_id": 0,
                        "question_id": 246
                    }
                },
                {
                    "outputs": "1",
                    "meta": {
                        "dialog_id": 0,
                        "question_id": 247
                    }
                },
                {
                    "outputs": "2",
                    "meta": {
                        "dialog_id": 0,
                        "question_id": 248
                    }
                },
                {
                    "outputs": "2",
                    "meta": {
                        "dialog_id": 0,
                        "question_id": 249
                    }
                },
                {
                    "outputs": "2",
                    "meta": {
                        "dialog_id": 0,
                        "question_id": 250
                    }
                },
                {
                    "outputs": "2",
                    "meta": {
                        "dialog_id": 0,
                        "question_id": 251
                    }
                },
                {
                    "outputs": "1",
                    "meta": {
                        "dialog_id": 0,
                        "question_id": 252
                    }
                },
                {
                    "outputs": "1",
                    "meta": {
                        "dialog_id": 0,
                        "question_id": 253
                    }
                },
                {
                    "outputs": "2",
                    "meta": {
                        "dialog_id": 0,
                        "question_id": 254
                    }
                },
                {
                    "outputs": "1",
                    "meta": {
                        "dialog_id": 0,
                        "question_id": 255
                    }
                },
                {
                    "outputs": "1",
                    "meta": {
                        "dialog_id": 0,
                        "question_id": 256
                    }
                },
                {
                    "outputs": "2",
                    "meta": {
                        "dialog_id": 0,
                        "question_id": 257
                    }
                },
                {
                    "outputs": "1",
                    "meta": {
                        "dialog_id": 0,
                        "question_id": 258
                    }
                },
                {
                    "outputs": "2",
                    "meta": {
                        "dialog_id": 0,
                        "question_id": 259
                    }
                },
                {
                    "outputs": "2",
                    "meta": {
                        "dialog_id": 0,
                        "question_id": 260
                    }
                },
                {
                    "outputs": "1",
                    "meta": {
                        "dialog_id": 0,
                        "question_id": 261
                    }
                },
                {
                    "outputs": "1",
                    "meta": {
                        "dialog_id": 0,
                        "question_id": 262
                    }
                },
                {
                    "outputs": "2",
                    "meta": {
                        "dialog_id": 0,
                        "question_id": 263
                    }
                },
                {
                    "outputs": "1",
                    "meta": {
                        "dialog_id": 0,
                        "question_id": 264
                    }
                },
                {
                    "outputs": "2",
                    "meta": {
                        "dialog_id": 0,
                        "question_id": 265
                    }
                },
                {
                    "outputs": "2",
                    "meta": {
                        "dialog_id": 0,
                        "question_id": 266
                    }
                },
                {
                    "outputs": "1",
                    "meta": {
                        "dialog_id": 0,
                        "question_id": 267
                    }
                },
                {
                    "outputs": "1",
                    "meta": {
                        "dialog_id": 0,
                        "question_id": 268
                    }
                },
                {
                    "outputs": "2",
                    "meta": {
                        "dialog_id": 0,
                        "question_id": 269
                    }
                },
                {
                    "outputs": "1",
                    "meta": {
                        "dialog_id": 0,
                        "question_id": 270
                    }
                },
                {
                    "outputs": "2",
                    "meta": {
                        "dialog_id": 0,
                        "question_id": 271
                    }
                },
                {
                    "outputs": "2",
                    "meta": {
                        "dialog_id": 0,
                        "question_id": 272
                    }
                },
                {
                    "outputs": "2",
                    "meta": {
                        "dialog_id": 0,
                        "question_id": 273
                    }
                },
                {
                    "outputs": "2",
                    "meta": {
                        "dialog_id": 0,
                        "question_id": 274
                    }
                },
                {
                    "outputs": "1",
                    "meta": {
                        "dialog_id": 0,
                        "question_id": 275
                    }
                },
                {
                    "outputs": "2",
                    "meta": {
                        "dialog_id": 0,
                        "question_id": 276
                    }
                },
                {
                    "outputs": "2",
                    "meta": {
                        "dialog_id": 0,
                        "question_id": 277
                    }
                },
                {
                    "outputs": "2",
                    "meta": {
                        "dialog_id": 0,
                        "question_id": 278
                    }
                },
                {
                    "outputs": "2",
                    "meta": {
                        "dialog_id": 0,
                        "question_id": 279
                    }
                },
                {
                    "outputs": "1",
                    "meta": {
                        "dialog_id": 0,
                        "question_id": 280
                    }
                },
                {
                    "outputs": "1",
                    "meta": {
                        "dialog_id": 0,
                        "question_id": 281
                    }
                },
                {
                    "outputs": "1",
                    "meta": {
                        "dialog_id": 0,
                        "question_id": 282
                    }
                },
                {
                    "outputs": "2",
                    "meta": {
                        "dialog_id": 0,
                        "question_id": 283
                    }
                },
                {
                    "outputs": "2",
                    "meta": {
                        "dialog_id": 0,
                        "question_id": 284
                    }
                },
                {
                    "outputs": "2",
                    "meta": {
                        "dialog_id": 0,
                        "question_id": 285
                    }
                },
                {
                    "outputs": "2",
                    "meta": {
                        "dialog_id": 0,
                        "question_id": 286
                    }
                },
                {
                    "outputs": "1",
                    "meta": {
                        "dialog_id": 0,
                        "question_id": 287
                    }
                },
                {
                    "outputs": "1",
                    "meta": {
                        "dialog_id": 0,
                        "question_id": 288
                    }
                },
                {
                    "outputs": "2",
                    "meta": {
                        "dialog_id": 0,
                        "question_id": 289
                    }
                },
                {
                    "outputs": "1",
                    "meta": {
                        "dialog_id": 0,
                        "question_id": 290
                    }
                },
                {
                    "outputs": "1",
                    "meta": {
                        "dialog_id": 0,
                        "question_id": 291
                    }
                },
                {
                    "outputs": "2",
                    "meta": {
                        "dialog_id": 0,
                        "question_id": 292
                    }
                },
                {
                    "outputs": "1",
                    "meta": {
                        "dialog_id": 0,
                        "question_id": 293
                    }
                },
                {
                    "outputs": "1",
                    "meta": {
                        "dialog_id": 0,
                        "question_id": 294
                    }
                },
                {
                    "outputs": "2",
                    "meta": {
                        "dialog_id": 0,
                        "question_id": 295
                    }
                },
                {
                    "outputs": "1",
                    "meta": {
                        "dialog_id": 0,
                        "question_id": 296
                    }
                },
                {
                    "outputs": "1",
                    "meta": {
                        "dialog_id": 0,
                        "question_id": 297
                    }
                },
                {
                    "outputs": "2",
                    "meta": {
                        "dialog_id": 0,
                        "question_id": 298
                    }
                },
                {
                    "outputs": "2",
                    "meta": {
                        "dialog_id": 0,
                        "question_id": 299
                    }
                },
                {
                    "outputs": "1",
                    "meta": {
                        "dialog_id": 0,
                        "question_id": 300
                    }
                },
                {
                    "outputs": "2",
                    "meta": {
                        "dialog_id": 0,
                        "question_id": 301
                    }
                },
                {
                    "outputs": "1",
                    "meta": {
                        "dialog_id": 0,
                        "question_id": 302
                    }
                },
                {
                    "outputs": "1",
                    "meta": {
                        "dialog_id": 0,
                        "question_id": 303
                    }
                },
                {
                    "outputs": "1",
                    "meta": {
                        "dialog_id": 0,
                        "question_id": 304
                    }
                },
                {
                    "outputs": "2",
                    "meta": {
                        "dialog_id": 0,
                        "question_id": 305
                    }
                },
                {
                    "outputs": "1",
                    "meta": {
                        "dialog_id": 0,
                        "question_id": 306
                    }
                },
                {
                    "outputs": "1",
                    "meta": {
                        "dialog_id": 0,
                        "question_id": 307
                    }
                },
                {
                    "outputs": "1",
                    "meta": {
                        "dialog_id": 0,
                        "question_id": 308
                    }
                },
                {
                    "outputs": "2",
                    "meta": {
                        "dialog_id": 0,
                        "question_id": 309
                    }
                },
                {
                    "outputs": "2",
                    "meta": {
                        "dialog_id": 0,
                        "question_id": 310
                    }
                },
                {
                    "outputs": "1",
                    "meta": {
                        "dialog_id": 0,
                        "question_id": 311
                    }
                },
                {
                    "outputs": "2",
                    "meta": {
                        "dialog_id": 0,
                        "question_id": 312
                    }
                },
                {
                    "outputs": "2",
                    "meta": {
                        "dialog_id": 0,
                        "question_id": 313
                    }
                },
                {
                    "outputs": "1",
                    "meta": {
                        "dialog_id": 0,
                        "question_id": 314
                    }
                },
                {
                    "outputs": "2",
                    "meta": {
                        "dialog_id": 0,
                        "question_id": 315
                    }
                },
                {
                    "outputs": "1",
                    "meta": {
                        "dialog_id": 0,
                        "question_id": 316
                    }
                },
                {
                    "outputs": "1",
                    "meta": {
                        "dialog_id": 0,
                        "question_id": 317
                    }
                },
                {
                    "outputs": "1",
                    "meta": {
                        "dialog_id": 0,
                        "question_id": 318
                    }
                },
                {
                    "outputs": "1",
                    "meta": {
                        "dialog_id": 0,
                        "question_id": 319
                    }
                },
                {
                    "outputs": "2",
                    "meta": {
                        "dialog_id": 0,
                        "question_id": 320
                    }
                },
                {
                    "outputs": "1",
                    "meta": {
                        "dialog_id": 0,
                        "question_id": 321
                    }
                },
                {
                    "outputs": "2",
                    "meta": {
                        "dialog_id": 0,
                        "question_id": 322
                    }
                },
                {
                    "outputs": "1",
                    "meta": {
                        "dialog_id": 0,
                        "question_id": 323
                    }
                },
                {
                    "outputs": "1",
                    "meta": {
                        "dialog_id": 0,
                        "question_id": 324
                    }
                },
                {
                    "outputs": "1",
                    "meta": {
                        "dialog_id": 0,
                        "question_id": 325
                    }
                },
                {
                    "outputs": "2",
                    "meta": {
                        "dialog_id": 0,
                        "question_id": 326
                    }
                },
                {
                    "outputs": "2",
                    "meta": {
                        "dialog_id": 0,
                        "question_id": 327
                    }
                },
                {
                    "outputs": "2",
                    "meta": {
                        "dialog_id": 0,
                        "question_id": 328
                    }
                },
                {
                    "outputs": "1",
                    "meta": {
                        "dialog_id": 0,
                        "question_id": 329
                    }
                },
                {
                    "outputs": "1",
                    "meta": {
                        "dialog_id": 0,
                        "question_id": 330
                    }
                },
                {
                    "outputs": "1",
                    "meta": {
                        "dialog_id": 0,
                        "question_id": 331
                    }
                },
                {
                    "outputs": "1",
                    "meta": {
                        "dialog_id": 0,
                        "question_id": 332
                    }
                },
                {
                    "outputs": "2",
                    "meta": {
                        "dialog_id": 0,
                        "question_id": 333
                    }
                },
                {
                    "outputs": "2",
                    "meta": {
                        "dialog_id": 0,
                        "question_id": 334
                    }
                },
                {
                    "outputs": "1",
                    "meta": {
                        "dialog_id": 0,
                        "question_id": 335
                    }
                },
                {
                    "outputs": "1",
                    "meta": {
                        "dialog_id": 0,
                        "question_id": 336
                    }
                },
                {
                    "outputs": "2",
                    "meta": {
                        "dialog_id": 0,
                        "question_id": 337
                    }
                },
                {
                    "outputs": "2",
                    "meta": {
                        "dialog_id": 0,
                        "question_id": 338
                    }
                },
                {
                    "outputs": "2",
                    "meta": {
                        "dialog_id": 0,
                        "question_id": 339
                    }
                },
                {
                    "outputs": "1",
                    "meta": {
                        "dialog_id": 0,
                        "question_id": 340
                    }
                },
                {
                    "outputs": "2",
                    "meta": {
                        "dialog_id": 0,
                        "question_id": 341
                    }
                },
                {
                    "outputs": "1",
                    "meta": {
                        "dialog_id": 0,
                        "question_id": 342
                    }
                },
                {
                    "outputs": "2",
                    "meta": {
                        "dialog_id": 0,
                        "question_id": 343
                    }
                },
                {
                    "outputs": "1",
                    "meta": {
                        "dialog_id": 0,
                        "question_id": 344
                    }
                },
                {
                    "outputs": "2",
                    "meta": {
                        "dialog_id": 0,
                        "question_id": 345
                    }
                },
                {
                    "outputs": "1",
                    "meta": {
                        "dialog_id": 0,
                        "question_id": 346
                    }
                },
                {
                    "outputs": "2",
                    "meta": {
                        "dialog_id": 0,
                        "question_id": 347
                    }
                },
                {
                    "outputs": "1",
                    "meta": {
                        "dialog_id": 0,
                        "question_id": 348
                    }
                },
                {
                    "outputs": "1",
                    "meta": {
                        "dialog_id": 0,
                        "question_id": 349
                    }
                },
                {
                    "outputs": "2",
                    "meta": {
                        "dialog_id": 0,
                        "question_id": 350
                    }
                },
                {
                    "outputs": "2",
                    "meta": {
                        "dialog_id": 0,
                        "question_id": 351
                    }
                },
                {
                    "outputs": "1",
                    "meta": {
                        "dialog_id": 0,
                        "question_id": 352
                    }
                },
                {
                    "outputs": "2",
                    "meta": {
                        "dialog_id": 0,
                        "question_id": 353
                    }
                },
                {
                    "outputs": "1",
                    "meta": {
                        "dialog_id": 0,
                        "question_id": 354
                    }
                },
                {
                    "outputs": "2",
                    "meta": {
                        "dialog_id": 0,
                        "question_id": 355
                    }
                },
                {
                    "outputs": "2",
                    "meta": {
                        "dialog_id": 0,
                        "question_id": 356
                    }
                },
                {
                    "outputs": "2",
                    "meta": {
                        "dialog_id": 0,
                        "question_id": 357
                    }
                },
                {
                    "outputs": "2",
                    "meta": {
                        "dialog_id": 0,
                        "question_id": 358
                    }
                },
                {
                    "outputs": "1",
                    "meta": {
                        "dialog_id": 0,
                        "question_id": 359
                    }
                },
                {
                    "outputs": "1",
                    "meta": {
                        "dialog_id": 0,
                        "question_id": 360
                    }
                },
                {
                    "outputs": "2",
                    "meta": {
                        "dialog_id": 0,
                        "question_id": 361
                    }
                },
                {
                    "outputs": "1",
                    "meta": {
                        "dialog_id": 0,
                        "question_id": 362
                    }
                },
                {
                    "outputs": "1",
                    "meta": {
                        "dialog_id": 0,
                        "question_id": 363
                    }
                },
                {
                    "outputs": "2",
                    "meta": {
                        "dialog_id": 0,
                        "question_id": 364
                    }
                },
                {
                    "outputs": "2",
                    "meta": {
                        "dialog_id": 0,
                        "question_id": 365
                    }
                },
                {
                    "outputs": "2",
                    "meta": {
                        "dialog_id": 0,
                        "question_id": 366
                    }
                },
                {
                    "outputs": "2",
                    "meta": {
                        "dialog_id": 0,
                        "question_id": 367
                    }
                },
                {
                    "outputs": "1",
                    "meta": {
                        "dialog_id": 0,
                        "question_id": 368
                    }
                },
                {
                    "outputs": "1",
                    "meta": {
                        "dialog_id": 0,
                        "question_id": 369
                    }
                },
                {
                    "outputs": "2",
                    "meta": {
                        "dialog_id": 0,
                        "question_id": 370
                    }
                },
                {
                    "outputs": "2",
                    "meta": {
                        "dialog_id": 0,
                        "question_id": 371
                    }
                },
                {
                    "outputs": "1",
                    "meta": {
                        "dialog_id": 0,
                        "question_id": 372
                    }
                },
                {
                    "outputs": "1",
                    "meta": {
                        "dialog_id": 0,
                        "question_id": 373
                    }
                },
                {
                    "outputs": "1",
                    "meta": {
                        "dialog_id": 0,
                        "question_id": 374
                    }
                },
                {
                    "outputs": "1",
                    "meta": {
                        "dialog_id": 0,
                        "question_id": 375
                    }
                },
                {
                    "outputs": "1",
                    "meta": {
                        "dialog_id": 0,
                        "question_id": 376
                    }
                },
                {
                    "outputs": "2",
                    "meta": {
                        "dialog_id": 0,
                        "question_id": 377
                    }
                },
                {
                    "outputs": "1",
                    "meta": {
                        "dialog_id": 0,
                        "question_id": 378
                    }
                },
                {
                    "outputs": "1",
                    "meta": {
                        "dialog_id": 0,
                        "question_id": 379
                    }
                },
                {
                    "outputs": "1",
                    "meta": {
                        "dialog_id": 0,
                        "question_id": 380
                    }
                },
                {
                    "outputs": "2",
                    "meta": {
                        "dialog_id": 0,
                        "question_id": 381
                    }
                },
                {
                    "outputs": "1",
                    "meta": {
                        "dialog_id": 0,
                        "question_id": 382
                    }
                },
                {
                    "outputs": "2",
                    "meta": {
                        "dialog_id": 0,
                        "question_id": 383
                    }
                },
                {
                    "outputs": "1",
                    "meta": {
                        "dialog_id": 0,
                        "question_id": 384
                    }
                },
                {
                    "outputs": "1",
                    "meta": {
                        "dialog_id": 0,
                        "question_id": 385
                    }
                },
                {
                    "outputs": "2",
                    "meta": {
                        "dialog_id": 0,
                        "question_id": 386
                    }
                },
                {
                    "outputs": "2",
                    "meta": {
                        "dialog_id": 0,
                        "question_id": 387
                    }
                },
                {
                    "outputs": "1",
                    "meta": {
                        "dialog_id": 0,
                        "question_id": 388
                    }
                },
                {
                    "outputs": "1",
                    "meta": {
                        "dialog_id": 0,
                        "question_id": 389
                    }
                },
                {
                    "outputs": "2",
                    "meta": {
                        "dialog_id": 0,
                        "question_id": 390
                    }
                },
                {
                    "outputs": "1",
                    "meta": {
                        "dialog_id": 0,
                        "question_id": 391
                    }
                },
                {
                    "outputs": "2",
                    "meta": {
                        "dialog_id": 0,
                        "question_id": 392
                    }
                },
                {
                    "outputs": "2",
                    "meta": {
                        "dialog_id": 0,
                        "question_id": 393
                    }
                },
                {
                    "outputs": "2",
                    "meta": {
                        "dialog_id": 0,
                        "question_id": 394
                    }
                },
                {
                    "outputs": "1",
                    "meta": {
                        "dialog_id": 0,
                        "question_id": 395
                    }
                },
                {
                    "outputs": "1",
                    "meta": {
                        "dialog_id": 0,
                        "question_id": 396
                    }
                },
                {
                    "outputs": "2",
                    "meta": {
                        "dialog_id": 0,
                        "question_id": 397
                    }
                },
                {
                    "outputs": "2",
                    "meta": {
                        "dialog_id": 0,
                        "question_id": 398
                    }
                },
                {
                    "outputs": "1",
                    "meta": {
                        "dialog_id": 0,
                        "question_id": 399
                    }
                },
                {
                    "outputs": "2",
                    "meta": {
                        "dialog_id": 0,
                        "question_id": 400
                    }
                },
                {
                    "outputs": "2",
                    "meta": {
                        "dialog_id": 0,
                        "question_id": 401
                    }
                },
                {
                    "outputs": "2",
                    "meta": {
                        "dialog_id": 0,
                        "question_id": 402
                    }
                },
                {
                    "outputs": "1",
                    "meta": {
                        "dialog_id": 0,
                        "question_id": 403
                    }
                },
                {
                    "outputs": "1",
                    "meta": {
                        "dialog_id": 0,
                        "question_id": 404
                    }
                },
                {
                    "outputs": "2",
                    "meta": {
                        "dialog_id": 0,
                        "question_id": 405
                    }
                },
                {
                    "outputs": "1",
                    "meta": {
                        "dialog_id": 0,
                        "question_id": 406
                    }
                },
                {
                    "outputs": "2",
                    "meta": {
                        "dialog_id": 0,
                        "question_id": 407
                    }
                },
                {
                    "outputs": "1",
                    "meta": {
                        "dialog_id": 0,
                        "question_id": 408
                    }
                },
                {
                    "outputs": "1",
                    "meta": {
                        "dialog_id": 0,
                        "question_id": 409
                    }
                },
                {
                    "outputs": "1",
                    "meta": {
                        "dialog_id": 0,
                        "question_id": 410
                    }
                },
                {
                    "outputs": "1",
                    "meta": {
                        "dialog_id": 0,
                        "question_id": 411
                    }
                },
                {
                    "outputs": "1",
                    "meta": {
                        "dialog_id": 0,
                        "question_id": 412
                    }
                },
                {
                    "outputs": "2",
                    "meta": {
                        "dialog_id": 0,
                        "question_id": 413
                    }
                },
                {
                    "outputs": "1",
                    "meta": {
                        "dialog_id": 0,
                        "question_id": 414
                    }
                },
                {
                    "outputs": "2",
                    "meta": {
                        "dialog_id": 0,
                        "question_id": 415
                    }
                },
                {
                    "outputs": "2",
                    "meta": {
                        "dialog_id": 0,
                        "question_id": 416
                    }
                },
                {
                    "outputs": "2",
                    "meta": {
                        "dialog_id": 0,
                        "question_id": 417
                    }
                },
                {
                    "outputs": "2",
                    "meta": {
                        "dialog_id": 0,
                        "question_id": 418
                    }
                },
                {
                    "outputs": "1",
                    "meta": {
                        "dialog_id": 0,
                        "question_id": 419
                    }
                },
                {
                    "outputs": "2",
                    "meta": {
                        "dialog_id": 0,
                        "question_id": 420
                    }
                },
                {
                    "outputs": "1",
                    "meta": {
                        "dialog_id": 0,
                        "question_id": 421
                    }
                },
                {
                    "outputs": "1",
                    "meta": {
                        "dialog_id": 0,
                        "question_id": 422
                    }
                },
                {
                    "outputs": "1",
                    "meta": {
                        "dialog_id": 0,
                        "question_id": 423
                    }
                },
                {
                    "outputs": "1",
                    "meta": {
                        "dialog_id": 0,
                        "question_id": 424
                    }
                },
                {
                    "outputs": "1",
                    "meta": {
                        "dialog_id": 0,
                        "question_id": 425
                    }
                },
                {
                    "outputs": "2",
                    "meta": {
                        "dialog_id": 0,
                        "question_id": 426
                    }
                },
                {
                    "outputs": "1",
                    "meta": {
                        "dialog_id": 0,
                        "question_id": 427
                    }
                },
                {
                    "outputs": "1",
                    "meta": {
                        "dialog_id": 0,
                        "question_id": 428
                    }
                },
                {
                    "outputs": "1",
                    "meta": {
                        "dialog_id": 0,
                        "question_id": 429
                    }
                }
            ]
        ]
    }
}